source,problem,problem_type,algorithm,trial,final_hv,num_batches,num_samples,num_feasible,exec_time_sec
Full_experiment_6thNov,DTLZ1,unconstrained,EGBO,0,63859032.72164132,20,178,0,0.0
Full_experiment_6thNov,DTLZ1,unconstrained,EGBO,1,63870433.09203547,20,178,0,0.0
Full_experiment_6thNov,DTLZ1,unconstrained,EGBO,2,63860582.78870592,20,178,0,0.0
Full_experiment_6thNov,DTLZ1,unconstrained,EGBO,3,63839178.32323333,20,178,0,0.0
Full_experiment_6thNov,DTLZ1,unconstrained,EGBO,4,63870755.62145501,20,178,0,0.0
Full_experiment_6thNov,DTLZ1,unconstrained,EGBO,5,63818102.00328612,20,178,0,0.0
Full_experiment_6thNov,DTLZ1,unconstrained,EGBO,6,63906945.90539476,20,178,0,0.0
Full_experiment_6thNov,DTLZ1,unconstrained,EGBO,7,63844741.51626467,20,178,0,0.0
Full_experiment_6thNov,DTLZ1,unconstrained,EGBO,8,63816444.76247691,20,178,0,0.0
Full_experiment_6thNov,DTLZ1,unconstrained,EGBO,9,63854727.46518414,20,178,0,0.0
Full_experiment_6thNov,DTLZ1,unconstrained,EGBO,10,63865172.92629241,20,178,0,0.0
Full_experiment_6thNov,DTLZ1,unconstrained,EGBO,11,63863913.31993787,20,178,0,0.0
Full_experiment_6thNov,DTLZ1,unconstrained,EGBO,12,63854595.87170067,20,178,0,0.0
Full_experiment_6thNov,DTLZ1,unconstrained,EGBO,13,63851806.78264011,20,178,0,0.0
Full_experiment_6thNov,DTLZ1,unconstrained,EGBO,14,63903786.26926302,20,178,0,0.0
Full_experiment_6thNov,DTLZ1,unconstrained,EGBO,15,63829585.23854551,20,178,0,0.0
Full_experiment_6thNov,DTLZ1,unconstrained,EGBO,16,63872490.23122928,20,178,0,0.0
Full_experiment_6thNov,DTLZ1,unconstrained,EGBO,17,63873038.31182373,20,178,0,0.0
Full_experiment_6thNov,DTLZ1,unconstrained,EGBO,18,63871778.66592494,20,178,0,0.0
Full_experiment_6thNov,DTLZ1,unconstrained,EGBO,19,63879771.9688062,20,178,0,0.0
Full_experiment_6thNov,DTLZ1,unconstrained,EGBO,20,63866314.33099148,20,178,0,0.0
Full_experiment_6thNov,DTLZ1,unconstrained,EGBO,21,63887839.02245548,20,178,0,0.0
Full_experiment_6thNov,DTLZ1,unconstrained,EGBO,22,63847896.7591551,20,178,0,0.0
Full_experiment_6thNov,DTLZ1,unconstrained,EGBO,23,63848700.90388514,20,178,0,0.0
Full_experiment_6thNov,DTLZ1,unconstrained,EGBO,24,63905428.73123351,20,178,0,0.0
Full_experiment_6thNov,DTLZ1,unconstrained,Feryal,0,63861542.17765555,20,178,0,0.0
Full_experiment_6thNov,DTLZ1,unconstrained,Feryal,1,63869446.54081328,20,178,0,0.0
Full_experiment_6thNov,DTLZ1,unconstrained,Feryal,2,63859006.05858722,20,178,0,0.0
Full_experiment_6thNov,DTLZ1,unconstrained,Feryal,3,63872282.2475414,20,178,0,0.0
Full_experiment_6thNov,DTLZ1,unconstrained,Feryal,4,63838090.99278171,20,178,0,0.0
Full_experiment_6thNov,DTLZ1,unconstrained,Feryal,5,63871457.31934067,20,178,0,0.0
Full_experiment_6thNov,DTLZ1,unconstrained,Feryal,6,63901157.26897391,20,178,0,0.0
Full_experiment_6thNov,DTLZ1,unconstrained,Feryal,7,63821218.55301141,20,178,0,0.0
Full_experiment_6thNov,DTLZ1,unconstrained,Feryal,8,63829174.49832024,20,178,0,0.0
Full_experiment_6thNov,DTLZ1,unconstrained,Feryal,9,63849018.30965961,20,178,0,0.0
Full_experiment_6thNov,DTLZ1,unconstrained,Feryal,10,63895181.23153155,20,178,0,0.0
Full_experiment_6thNov,DTLZ1,unconstrained,Feryal,11,63855344.97141682,20,178,0,0.0
Full_experiment_6thNov,DTLZ1,unconstrained,Feryal,12,63878555.87200177,20,178,0,0.0
Full_experiment_6thNov,DTLZ1,unconstrained,Feryal,13,63836203.56616719,20,178,0,0.0
Full_experiment_6thNov,DTLZ1,unconstrained,Feryal,14,63840984.66752654,20,178,0,0.0
Full_experiment_6thNov,DTLZ1,unconstrained,Feryal,15,63874958.54487898,20,178,0,0.0
Full_experiment_6thNov,DTLZ1,unconstrained,Feryal,16,63878792.45564503,20,178,0,0.0
Full_experiment_6thNov,DTLZ1,unconstrained,Feryal,17,63838025.63737646,20,178,0,0.0
Full_experiment_6thNov,DTLZ1,unconstrained,Feryal,18,63849225.66700372,20,178,0,0.0
Full_experiment_6thNov,DTLZ1,unconstrained,Feryal,19,63861190.3105765,20,178,0,0.0
Full_experiment_6thNov,DTLZ1,unconstrained,Feryal,20,63863029.56738454,20,178,0,0.0
Full_experiment_6thNov,DTLZ1,unconstrained,Feryal,21,63886892.59437869,20,178,0,0.0
Full_experiment_6thNov,DTLZ1,unconstrained,Feryal,22,63856533.91856981,20,178,0,0.0
Full_experiment_6thNov,DTLZ1,unconstrained,Feryal,23,63877841.00901844,20,178,0,0.0
Full_experiment_6thNov,DTLZ1,unconstrained,Feryal,24,63822385.39410871,20,178,0,0.0
Full_experiment_6thNov,DTLZ1,unconstrained,Ikhlas,0,63822890.11013696,20,178,0,0.0
Full_experiment_6thNov,DTLZ1,unconstrained,Ikhlas,1,63869956.69640002,20,178,0,0.0
Full_experiment_6thNov,DTLZ1,unconstrained,Ikhlas,2,63860282.46435063,20,178,0,0.0
Full_experiment_6thNov,DTLZ1,unconstrained,Ikhlas,3,63843501.58509693,20,178,0,0.0
Full_experiment_6thNov,DTLZ1,unconstrained,Ikhlas,4,63838772.56031004,20,178,0,0.0
Full_experiment_6thNov,DTLZ1,unconstrained,Ikhlas,5,63807714.01514617,20,178,0,0.0
Full_experiment_6thNov,DTLZ1,unconstrained,Ikhlas,6,63933155.20171124,20,178,0,0.0
Full_experiment_6thNov,DTLZ1,unconstrained,Ikhlas,7,63871558.42823915,20,178,0,0.0
Full_experiment_6thNov,DTLZ1,unconstrained,Ikhlas,8,63879210.38793611,20,178,0,0.0
Full_experiment_6thNov,DTLZ1,unconstrained,Ikhlas,9,63844576.74932152,20,178,0,0.0
Full_experiment_6thNov,DTLZ1,unconstrained,Ikhlas,10,63887468.14317605,20,178,0,0.0
Full_experiment_6thNov,DTLZ1,unconstrained,Ikhlas,11,63852203.97586665,20,178,0,0.0
Full_experiment_6thNov,DTLZ1,unconstrained,Ikhlas,12,63856136.2124754,20,178,0,0.0
Full_experiment_6thNov,DTLZ1,unconstrained,Ikhlas,13,63853893.03621285,20,178,0,0.0
Full_experiment_6thNov,DTLZ1,unconstrained,Ikhlas,14,63897203.39006438,20,178,0,0.0
Full_experiment_6thNov,DTLZ1,unconstrained,Ikhlas,15,63804490.56697316,20,178,0,0.0
Full_experiment_6thNov,DTLZ1,unconstrained,Ikhlas,16,63875502.87025885,20,178,0,0.0
Full_experiment_6thNov,DTLZ1,unconstrained,Ikhlas,17,63798135.06033152,20,178,0,0.0
Full_experiment_6thNov,DTLZ1,unconstrained,Ikhlas,18,63887691.62092906,20,178,0,0.0
Full_experiment_6thNov,DTLZ1,unconstrained,Ikhlas,19,63847553.86775545,20,178,0,0.0
Full_experiment_6thNov,DTLZ1,unconstrained,Ikhlas,20,63837749.21942613,20,178,0,0.0
Full_experiment_6thNov,DTLZ1,unconstrained,Ikhlas,21,63911083.2891462,20,178,0,0.0
Full_experiment_6thNov,DTLZ1,unconstrained,Ikhlas,22,63867774.58954165,20,178,0,0.0
Full_experiment_6thNov,DTLZ1,unconstrained,Ikhlas,23,63868879.45589547,20,178,0,0.0
Full_experiment_6thNov,DTLZ1,unconstrained,Ikhlas,24,63871051.63585937,20,178,0,0.0
Full_experiment_6thNov,DTLZ1,unconstrained,Karima,0,63841805.2725784,20,178,0,0.0
Full_experiment_6thNov,DTLZ1,unconstrained,Karima,1,63845244.40575468,20,178,0,0.0
Full_experiment_6thNov,DTLZ1,unconstrained,Karima,2,63875343.06850513,20,178,0,0.0
Full_experiment_6thNov,DTLZ1,unconstrained,Karima,3,63859665.5606701,20,178,0,0.0
Full_experiment_6thNov,DTLZ1,unconstrained,Karima,4,63877728.43203916,20,178,0,0.0
Full_experiment_6thNov,DTLZ1,unconstrained,Karima,5,63853731.15081761,20,178,0,0.0
Full_experiment_6thNov,DTLZ1,unconstrained,Karima,6,63864853.70403303,20,178,0,0.0
Full_experiment_6thNov,DTLZ1,unconstrained,Karima,7,63830828.10608307,20,178,0,0.0
Full_experiment_6thNov,DTLZ1,unconstrained,Karima,8,63876500.31897446,20,178,0,0.0
Full_experiment_6thNov,DTLZ1,unconstrained,Karima,9,63873920.16439988,20,178,0,0.0
Full_experiment_6thNov,DTLZ1,unconstrained,Karima,10,63822457.26012655,20,178,0,0.0
Full_experiment_6thNov,DTLZ1,unconstrained,Karima,11,63859988.34744539,20,178,0,0.0
Full_experiment_6thNov,DTLZ1,unconstrained,Karima,12,63883201.44485926,20,178,0,0.0
Full_experiment_6thNov,DTLZ1,unconstrained,Karima,13,63840029.57594233,20,178,0,0.0
Full_experiment_6thNov,DTLZ1,unconstrained,Karima,14,63846363.51365004,20,178,0,0.0
Full_experiment_6thNov,DTLZ1,unconstrained,Karima,15,63812326.11181598,20,178,0,0.0
Full_experiment_6thNov,DTLZ1,unconstrained,Karima,16,63882440.26971667,20,178,0,0.0
Full_experiment_6thNov,DTLZ1,unconstrained,Karima,17,63872154.28726052,20,178,0,0.0
Full_experiment_6thNov,DTLZ1,unconstrained,Karima,18,63826917.90633642,20,178,0,0.0
Full_experiment_6thNov,DTLZ1,unconstrained,Karima,19,63894175.43675264,20,178,0,0.0
Full_experiment_6thNov,DTLZ1,unconstrained,Karima,20,63880373.54082381,20,178,0,0.0
Full_experiment_6thNov,DTLZ1,unconstrained,Karima,21,63878501.41732476,20,178,0,0.0
Full_experiment_6thNov,DTLZ1,unconstrained,Karima,22,63849107.07137511,20,178,0,0.0
Full_experiment_6thNov,DTLZ1,unconstrained,Karima,23,63899214.08315391,20,178,0,0.0
Full_experiment_6thNov,DTLZ1,unconstrained,Karima,24,63882824.3874901,20,178,0,0.0
Full_experiment_6thNov,DTLZ1,unconstrained,Traditional_NEHVI,0,300726304.1480191,20,178,0,1375.21
Full_experiment_6thNov,DTLZ1,unconstrained,Traditional_NEHVI,1,305022641.08245987,20,178,0,1413.57
Full_experiment_6thNov,DTLZ1,unconstrained,Traditional_NEHVI,2,290719235.1078367,20,178,0,1174.13
Full_experiment_6thNov,DTLZ1,unconstrained,Traditional_NEHVI,3,285460741.3263812,20,178,0,1358.51
Full_experiment_6thNov,DTLZ1,unconstrained,Traditional_NEHVI,4,322075985.72322494,20,178,0,1422.19
Full_experiment_6thNov,DTLZ1,unconstrained,Traditional_NEHVI,5,270042790.64413315,20,178,0,1274.3
Full_experiment_6thNov,DTLZ1,unconstrained,Traditional_NEHVI,6,311842927.5932765,20,178,0,1165.44
Full_experiment_6thNov,DTLZ1,unconstrained,Traditional_NEHVI,7,270348466.2930486,20,178,0,1413.87
Full_experiment_6thNov,DTLZ1,unconstrained,Traditional_NEHVI,8,289776780.5554868,20,178,0,1333.88
Full_experiment_6thNov,DTLZ1,unconstrained,Traditional_NEHVI,9,284395579.2867932,20,178,0,1519.87
Full_experiment_6thNov,DTLZ1,unconstrained,Traditional_NEHVI,10,280302402.42131686,20,178,0,1520.07
Full_experiment_6thNov,DTLZ1,unconstrained,Traditional_NEHVI,11,298783835.8930751,20,178,0,1366.09
Full_experiment_6thNov,DTLZ1,unconstrained,Traditional_NEHVI,12,291524856.850389,20,178,0,1554.82
Full_experiment_6thNov,DTLZ1,unconstrained,Traditional_NEHVI,13,272946227.56669575,20,178,0,1365.44
Full_experiment_6thNov,DTLZ1,unconstrained,Traditional_NEHVI,14,304282480.68414533,20,178,0,1331.94
Full_experiment_6thNov,DTLZ1,unconstrained,Traditional_NEHVI,15,303205545.1593287,20,178,0,1407.5
Full_experiment_6thNov,DTLZ1,unconstrained,Traditional_NEHVI,16,304084954.26325446,20,178,0,1452.62
Full_experiment_6thNov,DTLZ1,unconstrained,Traditional_NEHVI,17,301701612.9283687,20,178,0,1462.89
Full_experiment_6thNov,DTLZ1,unconstrained,Traditional_NEHVI,18,293177747.06833315,20,178,0,1310.57
Full_experiment_6thNov,DTLZ1,unconstrained,Traditional_NEHVI,19,295218272.9443593,20,178,0,1431.89
Full_experiment_6thNov,DTLZ1,unconstrained,Traditional_NEHVI,20,278901499.93786603,20,178,0,1493.87
Full_experiment_6thNov,DTLZ1,unconstrained,Traditional_NEHVI,21,296356252.4175141,20,178,0,1467.65
Full_experiment_6thNov,DTLZ1,unconstrained,Traditional_NEHVI,22,285161214.06850326,20,178,0,1355.02
Full_experiment_6thNov,DTLZ1,unconstrained,Traditional_NEHVI,23,289256184.051471,20,178,0,1445.93
Full_experiment_6thNov,DTLZ1,unconstrained,Traditional_NEHVI,24,309769751.67630637,20,178,0,1562.86
Full_experiment_6thNov,DTLZ2,unconstrained,EGBO,0,0.71068773,20,178,0,0.0
Full_experiment_6thNov,DTLZ2,unconstrained,EGBO,1,0.70802626,20,178,0,0.0
Full_experiment_6thNov,DTLZ2,unconstrained,EGBO,2,0.70944424,20,178,0,0.0
Full_experiment_6thNov,DTLZ2,unconstrained,EGBO,3,0.71081874,20,178,0,0.0
Full_experiment_6thNov,DTLZ2,unconstrained,EGBO,4,0.69198084,20,178,0,0.0
Full_experiment_6thNov,DTLZ2,unconstrained,EGBO,5,0.70393365,20,178,0,0.0
Full_experiment_6thNov,DTLZ2,unconstrained,EGBO,6,0.69975548,20,178,0,0.0
Full_experiment_6thNov,DTLZ2,unconstrained,EGBO,7,0.70615143,20,178,0,0.0
Full_experiment_6thNov,DTLZ2,unconstrained,EGBO,8,0.70366383,20,178,0,0.0
Full_experiment_6thNov,DTLZ2,unconstrained,EGBO,9,0.7025197,20,178,0,0.0
Full_experiment_6thNov,DTLZ2,unconstrained,EGBO,10,0.69968585,20,178,0,0.0
Full_experiment_6thNov,DTLZ2,unconstrained,EGBO,11,0.70374624,20,178,0,0.0
Full_experiment_6thNov,DTLZ2,unconstrained,EGBO,12,0.70878816,20,178,0,0.0
Full_experiment_6thNov,DTLZ2,unconstrained,EGBO,13,0.69883534,20,178,0,0.0
Full_experiment_6thNov,DTLZ2,unconstrained,EGBO,14,0.70201737,20,178,0,0.0
Full_experiment_6thNov,DTLZ2,unconstrained,EGBO,15,0.71923797,20,178,0,0.0
Full_experiment_6thNov,DTLZ2,unconstrained,EGBO,16,0.68765339,20,178,0,0.0
Full_experiment_6thNov,DTLZ2,unconstrained,EGBO,17,0.71208635,20,178,0,0.0
Full_experiment_6thNov,DTLZ2,unconstrained,EGBO,18,0.70532589,20,178,0,0.0
Full_experiment_6thNov,DTLZ2,unconstrained,EGBO,19,0.70942173,20,178,0,0.0
Full_experiment_6thNov,DTLZ2,unconstrained,EGBO,20,0.69650161,20,178,0,0.0
Full_experiment_6thNov,DTLZ2,unconstrained,EGBO,21,0.68817581,20,178,0,0.0
Full_experiment_6thNov,DTLZ2,unconstrained,EGBO,22,0.70694238,20,178,0,0.0
Full_experiment_6thNov,DTLZ2,unconstrained,EGBO,23,0.69994338,20,178,0,0.0
Full_experiment_6thNov,DTLZ2,unconstrained,EGBO,24,0.68910279,20,178,0,0.0
Full_experiment_6thNov,DTLZ2,unconstrained,Feryal,0,0.71760292,20,178,0,0.0
Full_experiment_6thNov,DTLZ2,unconstrained,Feryal,1,0.70519099,20,178,0,0.0
Full_experiment_6thNov,DTLZ2,unconstrained,Feryal,2,0.7060297,20,178,0,0.0
Full_experiment_6thNov,DTLZ2,unconstrained,Feryal,3,0.67761684,20,178,0,0.0
Full_experiment_6thNov,DTLZ2,unconstrained,Feryal,4,0.69852691,20,178,0,0.0
Full_experiment_6thNov,DTLZ2,unconstrained,Feryal,5,0.70946559,20,178,0,0.0
Full_experiment_6thNov,DTLZ2,unconstrained,Feryal,6,0.69937937,20,178,0,0.0
Full_experiment_6thNov,DTLZ2,unconstrained,Feryal,7,0.70973295,20,178,0,0.0
Full_experiment_6thNov,DTLZ2,unconstrained,Feryal,8,0.70566077,20,178,0,0.0
Full_experiment_6thNov,DTLZ2,unconstrained,Feryal,9,0.70402548,20,178,0,0.0
Full_experiment_6thNov,DTLZ2,unconstrained,Feryal,10,0.70518596,20,178,0,0.0
Full_experiment_6thNov,DTLZ2,unconstrained,Feryal,11,0.71324851,20,178,0,0.0
Full_experiment_6thNov,DTLZ2,unconstrained,Feryal,12,0.70441052,20,178,0,0.0
Full_experiment_6thNov,DTLZ2,unconstrained,Feryal,13,0.70742889,20,178,0,0.0
Full_experiment_6thNov,DTLZ2,unconstrained,Feryal,14,0.70663913,20,178,0,0.0
Full_experiment_6thNov,DTLZ2,unconstrained,Feryal,15,0.70205173,20,178,0,0.0
Full_experiment_6thNov,DTLZ2,unconstrained,Feryal,16,0.70494572,20,178,0,0.0
Full_experiment_6thNov,DTLZ2,unconstrained,Feryal,17,0.70495282,20,178,0,0.0
Full_experiment_6thNov,DTLZ2,unconstrained,Feryal,18,0.69853315,20,178,0,0.0
Full_experiment_6thNov,DTLZ2,unconstrained,Feryal,19,0.69639658,20,178,0,0.0
Full_experiment_6thNov,DTLZ2,unconstrained,Feryal,20,0.71331162,20,178,0,0.0
Full_experiment_6thNov,DTLZ2,unconstrained,Feryal,21,0.70653092,20,178,0,0.0
Full_experiment_6thNov,DTLZ2,unconstrained,Feryal,22,0.69329944,20,178,0,0.0
Full_experiment_6thNov,DTLZ2,unconstrained,Feryal,23,0.70078381,20,178,0,0.0
Full_experiment_6thNov,DTLZ2,unconstrained,Feryal,24,0.69685557,20,178,0,0.0
Full_experiment_6thNov,DTLZ2,unconstrained,Ikhlas,0,0.71445851,20,178,0,0.0
Full_experiment_6thNov,DTLZ2,unconstrained,Ikhlas,1,0.70810848,20,178,0,0.0
Full_experiment_6thNov,DTLZ2,unconstrained,Ikhlas,2,0.70070158,20,178,0,0.0
Full_experiment_6thNov,DTLZ2,unconstrained,Ikhlas,3,0.70959884,20,178,0,0.0
Full_experiment_6thNov,DTLZ2,unconstrained,Ikhlas,4,0.70241907,20,178,0,0.0
Full_experiment_6thNov,DTLZ2,unconstrained,Ikhlas,5,0.70846711,20,178,0,0.0
Full_experiment_6thNov,DTLZ2,unconstrained,Ikhlas,6,0.69330646,20,178,0,0.0
Full_experiment_6thNov,DTLZ2,unconstrained,Ikhlas,7,0.68963702,20,178,0,0.0
Full_experiment_6thNov,DTLZ2,unconstrained,Ikhlas,8,0.69842931,20,178,0,0.0
Full_experiment_6thNov,DTLZ2,unconstrained,Ikhlas,9,0.70722977,20,178,0,0.0
Full_experiment_6thNov,DTLZ2,unconstrained,Ikhlas,10,0.70552076,20,178,0,0.0
Full_experiment_6thNov,DTLZ2,unconstrained,Ikhlas,11,0.70186634,20,178,0,0.0
Full_experiment_6thNov,DTLZ2,unconstrained,Ikhlas,12,0.71677235,20,178,0,0.0
Full_experiment_6thNov,DTLZ2,unconstrained,Ikhlas,13,0.70530079,20,178,0,0.0
Full_experiment_6thNov,DTLZ2,unconstrained,Ikhlas,14,0.70019612,20,178,0,0.0
Full_experiment_6thNov,DTLZ2,unconstrained,Ikhlas,15,0.70375769,20,178,0,0.0
Full_experiment_6thNov,DTLZ2,unconstrained,Ikhlas,16,0.71142918,20,178,0,0.0
Full_experiment_6thNov,DTLZ2,unconstrained,Ikhlas,17,0.70534379,20,178,0,0.0
Full_experiment_6thNov,DTLZ2,unconstrained,Ikhlas,18,0.69908529,20,178,0,0.0
Full_experiment_6thNov,DTLZ2,unconstrained,Ikhlas,19,0.69974879,20,178,0,0.0
Full_experiment_6thNov,DTLZ2,unconstrained,Ikhlas,20,0.70749484,20,178,0,0.0
Full_experiment_6thNov,DTLZ2,unconstrained,Ikhlas,21,0.69851163,20,178,0,0.0
Full_experiment_6thNov,DTLZ2,unconstrained,Ikhlas,22,0.72210662,20,178,0,0.0
Full_experiment_6thNov,DTLZ2,unconstrained,Ikhlas,23,0.69896669,20,178,0,0.0
Full_experiment_6thNov,DTLZ2,unconstrained,Ikhlas,24,0.69434311,20,178,0,0.0
Full_experiment_6thNov,DTLZ2,unconstrained,Karima,0,0.70991044,20,178,0,0.0
Full_experiment_6thNov,DTLZ2,unconstrained,Karima,1,0.70730985,20,178,0,0.0
Full_experiment_6thNov,DTLZ2,unconstrained,Karima,2,0.71212316,20,178,0,0.0
Full_experiment_6thNov,DTLZ2,unconstrained,Karima,3,0.70557069,20,178,0,0.0
Full_experiment_6thNov,DTLZ2,unconstrained,Karima,4,0.69748684,20,178,0,0.0
Full_experiment_6thNov,DTLZ2,unconstrained,Karima,5,0.72068458,20,178,0,0.0
Full_experiment_6thNov,DTLZ2,unconstrained,Karima,6,0.69301327,20,178,0,0.0
Full_experiment_6thNov,DTLZ2,unconstrained,Karima,7,0.70463047,20,178,0,0.0
Full_experiment_6thNov,DTLZ2,unconstrained,Karima,8,0.70498491,20,178,0,0.0
Full_experiment_6thNov,DTLZ2,unconstrained,Karima,9,0.70306554,20,178,0,0.0
Full_experiment_6thNov,DTLZ2,unconstrained,Karima,10,0.69786373,20,178,0,0.0
Full_experiment_6thNov,DTLZ2,unconstrained,Karima,11,0.70292299,20,178,0,0.0
Full_experiment_6thNov,DTLZ2,unconstrained,Karima,12,0.70558902,20,178,0,0.0
Full_experiment_6thNov,DTLZ2,unconstrained,Karima,13,0.6969918,20,178,0,0.0
Full_experiment_6thNov,DTLZ2,unconstrained,Karima,14,0.69873075,20,178,0,0.0
Full_experiment_6thNov,DTLZ2,unconstrained,Karima,15,0.7151263,20,178,0,0.0
Full_experiment_6thNov,DTLZ2,unconstrained,Karima,16,0.69622449,20,178,0,0.0
Full_experiment_6thNov,DTLZ2,unconstrained,Karima,17,0.70571371,20,178,0,0.0
Full_experiment_6thNov,DTLZ2,unconstrained,Karima,18,0.70913709,20,178,0,0.0
Full_experiment_6thNov,DTLZ2,unconstrained,Karima,19,0.70891892,20,178,0,0.0
Full_experiment_6thNov,DTLZ2,unconstrained,Karima,20,0.68587731,20,178,0,0.0
Full_experiment_6thNov,DTLZ2,unconstrained,Karima,21,0.70656058,20,178,0,0.0
Full_experiment_6thNov,DTLZ2,unconstrained,Karima,22,0.6963797,20,178,0,0.0
Full_experiment_6thNov,DTLZ2,unconstrained,Karima,23,0.71193606,20,178,0,0.0
Full_experiment_6thNov,DTLZ2,unconstrained,Karima,24,0.67823458,20,178,0,0.0
Full_experiment_6thNov,DTLZ2,unconstrained,Traditional_NEHVI,0,22.02748413,20,178,0,620.09
Full_experiment_6thNov,DTLZ2,unconstrained,Traditional_NEHVI,1,24.4409769,20,178,0,520.97
Full_experiment_6thNov,DTLZ2,unconstrained,Traditional_NEHVI,2,22.20471076,20,178,0,750.0
Full_experiment_6thNov,DTLZ2,unconstrained,Traditional_NEHVI,3,23.3468613,20,178,0,667.84
Full_experiment_6thNov,DTLZ2,unconstrained,Traditional_NEHVI,4,22.98086842,20,178,0,620.16
Full_experiment_6thNov,DTLZ2,unconstrained,Traditional_NEHVI,5,20.90699554,20,178,0,1068.24
Full_experiment_6thNov,DTLZ2,unconstrained,Traditional_NEHVI,6,23.92493023,20,178,0,674.28
Full_experiment_6thNov,DTLZ2,unconstrained,Traditional_NEHVI,7,23.63213294,20,178,0,521.54
Full_experiment_6thNov,DTLZ2,unconstrained,Traditional_NEHVI,8,21.26244509,20,178,0,810.99
Full_experiment_6thNov,DTLZ2,unconstrained,Traditional_NEHVI,9,25.22025139,20,178,0,717.6
Full_experiment_6thNov,DTLZ2,unconstrained,Traditional_NEHVI,10,23.45131839,20,178,0,666.61
Full_experiment_6thNov,DTLZ2,unconstrained,Traditional_NEHVI,11,21.58688902,20,178,0,889.94
Full_experiment_6thNov,DTLZ2,unconstrained,Traditional_NEHVI,12,21.63963832,20,178,0,712.46
Full_experiment_6thNov,DTLZ2,unconstrained,Traditional_NEHVI,13,22.85984763,20,178,0,597.19
Full_experiment_6thNov,DTLZ2,unconstrained,Traditional_NEHVI,14,22.75349054,20,178,0,575.38
Full_experiment_6thNov,DTLZ2,unconstrained,Traditional_NEHVI,15,21.22579463,20,178,0,936.83
Full_experiment_6thNov,DTLZ2,unconstrained,Traditional_NEHVI,16,23.8766325,20,178,0,580.61
Full_experiment_6thNov,DTLZ2,unconstrained,Traditional_NEHVI,17,23.62852304,20,178,0,628.89
Full_experiment_6thNov,DTLZ2,unconstrained,Traditional_NEHVI,18,23.70656064,20,178,0,546.11
Full_experiment_6thNov,DTLZ2,unconstrained,Traditional_NEHVI,19,23.97569741,20,178,0,778.57
Full_experiment_6thNov,DTLZ2,unconstrained,Traditional_NEHVI,20,23.01909381,20,178,0,566.63
Full_experiment_6thNov,DTLZ2,unconstrained,Traditional_NEHVI,21,23.27782706,20,178,0,559.66
Full_experiment_6thNov,DTLZ2,unconstrained,Traditional_NEHVI,22,22.0097114,20,178,0,731.59
Full_experiment_6thNov,DTLZ2,unconstrained,Traditional_NEHVI,23,21.67948993,20,178,0,655.1
Full_experiment_6thNov,DTLZ2,unconstrained,Traditional_NEHVI,24,25.22543628,20,178,0,484.53
Full_experiment_6thNov,ZDT1,unconstrained,EGBO,0,120.57938766,20,178,0,0.0
Full_experiment_6thNov,ZDT1,unconstrained,EGBO,1,120.6270917,20,178,0,0.0
Full_experiment_6thNov,ZDT1,unconstrained,EGBO,2,120.42922829,20,178,0,0.0
Full_experiment_6thNov,ZDT1,unconstrained,EGBO,3,120.65572722,20,178,0,0.0
Full_experiment_6thNov,ZDT1,unconstrained,EGBO,4,120.14654613,20,178,0,0.0
Full_experiment_6thNov,ZDT1,unconstrained,EGBO,5,119.84702667,20,178,0,0.0
Full_experiment_6thNov,ZDT1,unconstrained,EGBO,6,120.62823017,20,178,0,0.0
Full_experiment_6thNov,ZDT1,unconstrained,EGBO,7,120.65730397,20,178,0,0.0
Full_experiment_6thNov,ZDT1,unconstrained,EGBO,8,119.48745219,20,178,0,0.0
Full_experiment_6thNov,ZDT1,unconstrained,EGBO,9,120.65622202,20,178,0,0.0
Full_experiment_6thNov,ZDT1,unconstrained,EGBO,10,119.78316915,20,178,0,0.0
Full_experiment_6thNov,ZDT1,unconstrained,EGBO,11,120.57383351,20,178,0,0.0
Full_experiment_6thNov,ZDT1,unconstrained,EGBO,12,120.54948534,20,178,0,0.0
Full_experiment_6thNov,ZDT1,unconstrained,EGBO,13,120.64823454,20,178,0,0.0
Full_experiment_6thNov,ZDT1,unconstrained,EGBO,14,120.65303698,20,178,0,0.0
Full_experiment_6thNov,ZDT1,unconstrained,EGBO,15,120.09394544,20,178,0,0.0
Full_experiment_6thNov,ZDT1,unconstrained,EGBO,16,120.34249581,20,178,0,0.0
Full_experiment_6thNov,ZDT1,unconstrained,EGBO,17,120.65197994,20,178,0,0.0
Full_experiment_6thNov,ZDT1,unconstrained,EGBO,18,120.58401631,20,178,0,0.0
Full_experiment_6thNov,ZDT1,unconstrained,EGBO,19,120.62446722,20,178,0,0.0
Full_experiment_6thNov,ZDT1,unconstrained,EGBO,20,120.65927514,20,178,0,0.0
Full_experiment_6thNov,ZDT1,unconstrained,EGBO,21,120.64353746,20,178,0,0.0
Full_experiment_6thNov,ZDT1,unconstrained,EGBO,22,120.57030574,20,178,0,0.0
Full_experiment_6thNov,ZDT1,unconstrained,EGBO,23,120.65725309,20,178,0,0.0
Full_experiment_6thNov,ZDT1,unconstrained,EGBO,24,120.54731365,20,178,0,0.0
Full_experiment_6thNov,ZDT1,unconstrained,Feryal,0,120.56807011,20,178,0,0.0
Full_experiment_6thNov,ZDT1,unconstrained,Feryal,1,120.64639157,20,178,0,0.0
Full_experiment_6thNov,ZDT1,unconstrained,Feryal,2,120.66066841,20,178,0,0.0
Full_experiment_6thNov,ZDT1,unconstrained,Feryal,3,120.64994676,20,178,0,0.0
Full_experiment_6thNov,ZDT1,unconstrained,Feryal,4,120.52669606,20,178,0,0.0
Full_experiment_6thNov,ZDT1,unconstrained,Feryal,5,120.49651317,20,178,0,0.0
Full_experiment_6thNov,ZDT1,unconstrained,Feryal,6,120.65120397,20,178,0,0.0
Full_experiment_6thNov,ZDT1,unconstrained,Feryal,7,120.66035123,20,178,0,0.0
Full_experiment_6thNov,ZDT1,unconstrained,Feryal,8,120.63701847,20,178,0,0.0
Full_experiment_6thNov,ZDT1,unconstrained,Feryal,9,120.65953924,20,178,0,0.0
Full_experiment_6thNov,ZDT1,unconstrained,Feryal,10,120.6257258,20,178,0,0.0
Full_experiment_6thNov,ZDT1,unconstrained,Feryal,11,120.59725356,20,178,0,0.0
Full_experiment_6thNov,ZDT1,unconstrained,Feryal,12,120.63968985,20,178,0,0.0
Full_experiment_6thNov,ZDT1,unconstrained,Feryal,13,120.65218862,20,178,0,0.0
Full_experiment_6thNov,ZDT1,unconstrained,Feryal,14,120.65844046,20,178,0,0.0
Full_experiment_6thNov,ZDT1,unconstrained,Feryal,15,120.44696789,20,178,0,0.0
Full_experiment_6thNov,ZDT1,unconstrained,Feryal,16,119.37450711,20,178,0,0.0
Full_experiment_6thNov,ZDT1,unconstrained,Feryal,17,120.65945526,20,178,0,0.0
Full_experiment_6thNov,ZDT1,unconstrained,Feryal,18,120.54380022,20,178,0,0.0
Full_experiment_6thNov,ZDT1,unconstrained,Feryal,19,120.65791477,20,178,0,0.0
Full_experiment_6thNov,ZDT1,unconstrained,Feryal,20,120.65816077,20,178,0,0.0
Full_experiment_6thNov,ZDT1,unconstrained,Feryal,21,120.62864066,20,178,0,0.0
Full_experiment_6thNov,ZDT1,unconstrained,Feryal,22,120.64757058,20,178,0,0.0
Full_experiment_6thNov,ZDT1,unconstrained,Feryal,23,120.65872777,20,178,0,0.0
Full_experiment_6thNov,ZDT1,unconstrained,Feryal,24,120.64930519,20,178,0,0.0
Full_experiment_6thNov,ZDT1,unconstrained,Ikhlas,0,120.65501615,20,178,0,0.0
Full_experiment_6thNov,ZDT1,unconstrained,Ikhlas,1,120.63871412,20,178,0,0.0
Full_experiment_6thNov,ZDT1,unconstrained,Ikhlas,2,120.53891229,20,178,0,0.0
Full_experiment_6thNov,ZDT1,unconstrained,Ikhlas,3,120.65835789,20,178,0,0.0
Full_experiment_6thNov,ZDT1,unconstrained,Ikhlas,4,120.63177915,20,178,0,0.0
Full_experiment_6thNov,ZDT1,unconstrained,Ikhlas,5,120.61852374,20,178,0,0.0
Full_experiment_6thNov,ZDT1,unconstrained,Ikhlas,6,120.65352431,20,178,0,0.0
Full_experiment_6thNov,ZDT1,unconstrained,Ikhlas,7,120.65129741,20,178,0,0.0
Full_experiment_6thNov,ZDT1,unconstrained,Ikhlas,8,120.55434069,20,178,0,0.0
Full_experiment_6thNov,ZDT1,unconstrained,Ikhlas,9,120.65051332,20,178,0,0.0
Full_experiment_6thNov,ZDT1,unconstrained,Ikhlas,10,120.65634349,20,178,0,0.0
Full_experiment_6thNov,ZDT1,unconstrained,Ikhlas,11,120.6571061,20,178,0,0.0
Full_experiment_6thNov,ZDT1,unconstrained,Ikhlas,12,120.65932644,20,178,0,0.0
Full_experiment_6thNov,ZDT1,unconstrained,Ikhlas,13,120.65808994,20,178,0,0.0
Full_experiment_6thNov,ZDT1,unconstrained,Ikhlas,14,120.65901584,20,178,0,0.0
Full_experiment_6thNov,ZDT1,unconstrained,Ikhlas,15,120.65743002,20,178,0,0.0
Full_experiment_6thNov,ZDT1,unconstrained,Ikhlas,16,120.58152354,20,178,0,0.0
Full_experiment_6thNov,ZDT1,unconstrained,Ikhlas,17,120.66092456,20,178,0,0.0
Full_experiment_6thNov,ZDT1,unconstrained,Ikhlas,18,120.65822697,20,178,0,0.0
Full_experiment_6thNov,ZDT1,unconstrained,Ikhlas,19,120.64870833,20,178,0,0.0
Full_experiment_6thNov,ZDT1,unconstrained,Ikhlas,20,120.64732991,20,178,0,0.0
Full_experiment_6thNov,ZDT1,unconstrained,Ikhlas,21,120.65316999,20,178,0,0.0
Full_experiment_6thNov,ZDT1,unconstrained,Ikhlas,22,120.65091549,20,178,0,0.0
Full_experiment_6thNov,ZDT1,unconstrained,Ikhlas,23,120.6599991,20,178,0,0.0
Full_experiment_6thNov,ZDT1,unconstrained,Ikhlas,24,120.65363086,20,178,0,0.0
Full_experiment_6thNov,ZDT1,unconstrained,Karima,0,120.66086992,20,178,0,0.0
Full_experiment_6thNov,ZDT1,unconstrained,Karima,1,120.64836545,20,178,0,0.0
Full_experiment_6thNov,ZDT1,unconstrained,Karima,2,120.65608019,20,178,0,0.0
Full_experiment_6thNov,ZDT1,unconstrained,Karima,3,120.65522356,20,178,0,0.0
Full_experiment_6thNov,ZDT1,unconstrained,Karima,4,120.62543189,20,178,0,0.0
Full_experiment_6thNov,ZDT1,unconstrained,Karima,5,120.65909229,20,178,0,0.0
Full_experiment_6thNov,ZDT1,unconstrained,Karima,6,120.64972465,20,178,0,0.0
Full_experiment_6thNov,ZDT1,unconstrained,Karima,7,120.65557566,20,178,0,0.0
Full_experiment_6thNov,ZDT1,unconstrained,Karima,8,120.65002672,20,178,0,0.0
Full_experiment_6thNov,ZDT1,unconstrained,Karima,9,120.64851477,20,178,0,0.0
Full_experiment_6thNov,ZDT1,unconstrained,Karima,10,120.65790402,20,178,0,0.0
Full_experiment_6thNov,ZDT1,unconstrained,Karima,11,120.6590921,20,178,0,0.0
Full_experiment_6thNov,ZDT1,unconstrained,Karima,12,120.65923454,20,178,0,0.0
Full_experiment_6thNov,ZDT1,unconstrained,Karima,13,120.66047832,20,178,0,0.0
Full_experiment_6thNov,ZDT1,unconstrained,Karima,14,120.65696779,20,178,0,0.0
Full_experiment_6thNov,ZDT1,unconstrained,Karima,15,120.65109756,20,178,0,0.0
Full_experiment_6thNov,ZDT1,unconstrained,Karima,16,120.47372946,20,178,0,0.0
Full_experiment_6thNov,ZDT1,unconstrained,Karima,17,120.66017452,20,178,0,0.0
Full_experiment_6thNov,ZDT1,unconstrained,Karima,18,120.64617336,20,178,0,0.0
Full_experiment_6thNov,ZDT1,unconstrained,Karima,19,120.66008235,20,178,0,0.0
Full_experiment_6thNov,ZDT1,unconstrained,Karima,20,120.65907052,20,178,0,0.0
Full_experiment_6thNov,ZDT1,unconstrained,Karima,21,120.65281106,20,178,0,0.0
Full_experiment_6thNov,ZDT1,unconstrained,Karima,22,120.64820485,20,178,0,0.0
Full_experiment_6thNov,ZDT1,unconstrained,Karima,23,120.65978674,20,178,0,0.0
Full_experiment_6thNov,ZDT1,unconstrained,Karima,24,120.6591011,20,178,0,0.0
Full_experiment_6thNov,ZDT1,unconstrained,Traditional_NEHVI,0,231.74095972,20,178,0,195.49
Full_experiment_6thNov,ZDT1,unconstrained,Traditional_NEHVI,1,233.15986778,20,178,0,232.13
Full_experiment_6thNov,ZDT1,unconstrained,Traditional_NEHVI,2,219.13006913,20,178,0,143.68
Full_experiment_6thNov,ZDT1,unconstrained,Traditional_NEHVI,3,222.20059835,20,178,0,145.53
Full_experiment_6thNov,ZDT1,unconstrained,Traditional_NEHVI,4,219.18692625,20,178,0,163.09
Full_experiment_6thNov,ZDT1,unconstrained,Traditional_NEHVI,5,210.05416564,20,178,0,152.3
Full_experiment_6thNov,ZDT1,unconstrained,Traditional_NEHVI,6,223.02910724,20,178,0,193.08
Full_experiment_6thNov,ZDT1,unconstrained,Traditional_NEHVI,7,233.25054948,20,178,0,125.79
Full_experiment_6thNov,ZDT1,unconstrained,Traditional_NEHVI,8,219.49454825,20,178,0,156.08
Full_experiment_6thNov,ZDT1,unconstrained,Traditional_NEHVI,9,219.24874288,20,178,0,163.74
Full_experiment_6thNov,ZDT1,unconstrained,Traditional_NEHVI,10,219.11721998,20,178,0,161.52
Full_experiment_6thNov,ZDT1,unconstrained,Traditional_NEHVI,11,219.18133383,20,178,0,159.62
Full_experiment_6thNov,ZDT1,unconstrained,Traditional_NEHVI,12,231.70538724,20,178,0,188.67
Full_experiment_6thNov,ZDT1,unconstrained,Traditional_NEHVI,13,232.25281957,20,178,0,180.32
Full_experiment_6thNov,ZDT1,unconstrained,Traditional_NEHVI,14,233.30200733,20,178,0,205.75
Full_experiment_6thNov,ZDT1,unconstrained,Traditional_NEHVI,15,226.27208275,20,178,0,152.16
Full_experiment_6thNov,ZDT1,unconstrained,Traditional_NEHVI,16,234.01396341,20,178,0,193.72
Full_experiment_6thNov,ZDT1,unconstrained,Traditional_NEHVI,17,231.60104632,20,178,0,150.89
Full_experiment_6thNov,ZDT1,unconstrained,Traditional_NEHVI,18,219.02640316,20,178,0,152.5
Full_experiment_6thNov,ZDT1,unconstrained,Traditional_NEHVI,19,247.79450884,20,178,0,151.97
Full_experiment_6thNov,ZDT1,unconstrained,Traditional_NEHVI,20,232.43443086,20,178,0,223.91
Full_experiment_6thNov,ZDT1,unconstrained,Traditional_NEHVI,21,220.61341346,20,178,0,163.33
Full_experiment_6thNov,ZDT1,unconstrained,Traditional_NEHVI,22,233.32796134,20,178,0,165.27
Full_experiment_6thNov,ZDT1,unconstrained,Traditional_NEHVI,23,219.26082779,20,178,0,141.81
Full_experiment_6thNov,ZDT1,unconstrained,Traditional_NEHVI,24,219.18772902,20,178,0,162.51
Full_experiment_6thNov,ZDT2,unconstrained,EGBO,0,120.27876424,20,178,0,0.0
Full_experiment_6thNov,ZDT2,unconstrained,EGBO,1,120.2971023,20,178,0,0.0
Full_experiment_6thNov,ZDT2,unconstrained,EGBO,2,120.31516702,20,178,0,0.0
Full_experiment_6thNov,ZDT2,unconstrained,EGBO,3,120.27878345,20,178,0,0.0
Full_experiment_6thNov,ZDT2,unconstrained,EGBO,4,120.32094556,20,178,0,0.0
Full_experiment_6thNov,ZDT2,unconstrained,EGBO,5,120.27687292,20,178,0,0.0
Full_experiment_6thNov,ZDT2,unconstrained,EGBO,6,111.10604493,20,178,0,0.0
Full_experiment_6thNov,ZDT2,unconstrained,EGBO,7,120.14359943,20,178,0,0.0
Full_experiment_6thNov,ZDT2,unconstrained,EGBO,8,113.78275224,20,178,0,0.0
Full_experiment_6thNov,ZDT2,unconstrained,EGBO,9,120.24485242,20,178,0,0.0
Full_experiment_6thNov,ZDT2,unconstrained,EGBO,10,120.28304624,20,178,0,0.0
Full_experiment_6thNov,ZDT2,unconstrained,EGBO,11,120.3125012,20,178,0,0.0
Full_experiment_6thNov,ZDT2,unconstrained,EGBO,12,120.317117,20,178,0,0.0
Full_experiment_6thNov,ZDT2,unconstrained,EGBO,13,120.26064446,20,178,0,0.0
Full_experiment_6thNov,ZDT2,unconstrained,EGBO,14,120.06343674,20,178,0,0.0
Full_experiment_6thNov,ZDT2,unconstrained,EGBO,15,120.28051966,20,178,0,0.0
Full_experiment_6thNov,ZDT2,unconstrained,EGBO,16,114.72386533,20,178,0,0.0
Full_experiment_6thNov,ZDT2,unconstrained,EGBO,17,120.27205389,20,178,0,0.0
Full_experiment_6thNov,ZDT2,unconstrained,EGBO,18,120.20241412,20,178,0,0.0
Full_experiment_6thNov,ZDT2,unconstrained,EGBO,19,113.94541526,20,178,0,0.0
Full_experiment_6thNov,ZDT2,unconstrained,EGBO,20,120.31139928,20,178,0,0.0
Full_experiment_6thNov,ZDT2,unconstrained,EGBO,21,120.25349297,20,178,0,0.0
Full_experiment_6thNov,ZDT2,unconstrained,EGBO,22,112.14483281,20,178,0,0.0
Full_experiment_6thNov,ZDT2,unconstrained,EGBO,23,120.24287474,20,178,0,0.0
Full_experiment_6thNov,ZDT2,unconstrained,EGBO,24,119.83398852,20,178,0,0.0
Full_experiment_6thNov,ZDT2,unconstrained,Feryal,0,120.32757356,20,178,0,0.0
Full_experiment_6thNov,ZDT2,unconstrained,Feryal,1,120.32726264,20,178,0,0.0
Full_experiment_6thNov,ZDT2,unconstrained,Feryal,2,120.32648152,20,178,0,0.0
Full_experiment_6thNov,ZDT2,unconstrained,Feryal,3,120.30366807,20,178,0,0.0
Full_experiment_6thNov,ZDT2,unconstrained,Feryal,4,120.32686057,20,178,0,0.0
Full_experiment_6thNov,ZDT2,unconstrained,Feryal,5,120.32666503,20,178,0,0.0
Full_experiment_6thNov,ZDT2,unconstrained,Feryal,6,118.21712953,20,178,0,0.0
Full_experiment_6thNov,ZDT2,unconstrained,Feryal,7,117.30293255,20,178,0,0.0
Full_experiment_6thNov,ZDT2,unconstrained,Feryal,8,117.86687118,20,178,0,0.0
Full_experiment_6thNov,ZDT2,unconstrained,Feryal,9,120.29187278,20,178,0,0.0
Full_experiment_6thNov,ZDT2,unconstrained,Feryal,10,115.0320203,20,178,0,0.0
Full_experiment_6thNov,ZDT2,unconstrained,Feryal,11,120.32447672,20,178,0,0.0
Full_experiment_6thNov,ZDT2,unconstrained,Feryal,12,120.32614885,20,178,0,0.0
Full_experiment_6thNov,ZDT2,unconstrained,Feryal,13,116.45769613,20,178,0,0.0
Full_experiment_6thNov,ZDT2,unconstrained,Feryal,14,120.32509836,20,178,0,0.0
Full_experiment_6thNov,ZDT2,unconstrained,Feryal,15,120.32405915,20,178,0,0.0
Full_experiment_6thNov,ZDT2,unconstrained,Feryal,16,117.76255204,20,178,0,0.0
Full_experiment_6thNov,ZDT2,unconstrained,Feryal,17,120.31930036,20,178,0,0.0
Full_experiment_6thNov,ZDT2,unconstrained,Feryal,18,120.18505216,20,178,0,0.0
Full_experiment_6thNov,ZDT2,unconstrained,Feryal,19,116.44325174,20,178,0,0.0
Full_experiment_6thNov,ZDT2,unconstrained,Feryal,20,120.32587126,20,178,0,0.0
Full_experiment_6thNov,ZDT2,unconstrained,Feryal,21,120.32543013,20,178,0,0.0
Full_experiment_6thNov,ZDT2,unconstrained,Feryal,22,117.52443144,20,178,0,0.0
Full_experiment_6thNov,ZDT2,unconstrained,Feryal,23,120.31215199,20,178,0,0.0
Full_experiment_6thNov,ZDT2,unconstrained,Feryal,24,120.26229353,20,178,0,0.0
Full_experiment_6thNov,ZDT2,unconstrained,Ikhlas,0,120.32710148,20,178,0,0.0
Full_experiment_6thNov,ZDT2,unconstrained,Ikhlas,1,120.32735941,20,178,0,0.0
Full_experiment_6thNov,ZDT2,unconstrained,Ikhlas,2,120.32506646,20,178,0,0.0
Full_experiment_6thNov,ZDT2,unconstrained,Ikhlas,3,120.31157401,20,178,0,0.0
Full_experiment_6thNov,ZDT2,unconstrained,Ikhlas,4,120.32604168,20,178,0,0.0
Full_experiment_6thNov,ZDT2,unconstrained,Ikhlas,5,120.32808039,20,178,0,0.0
Full_experiment_6thNov,ZDT2,unconstrained,Ikhlas,6,114.89317716,20,178,0,0.0
Full_experiment_6thNov,ZDT2,unconstrained,Ikhlas,7,120.32561454,20,178,0,0.0
Full_experiment_6thNov,ZDT2,unconstrained,Ikhlas,8,118.74599859,20,178,0,0.0
Full_experiment_6thNov,ZDT2,unconstrained,Ikhlas,9,120.30104285,20,178,0,0.0
Full_experiment_6thNov,ZDT2,unconstrained,Ikhlas,10,115.33538721,20,178,0,0.0
Full_experiment_6thNov,ZDT2,unconstrained,Ikhlas,11,120.32727958,20,178,0,0.0
Full_experiment_6thNov,ZDT2,unconstrained,Ikhlas,12,120.32660114,20,178,0,0.0
Full_experiment_6thNov,ZDT2,unconstrained,Ikhlas,13,117.61720246,20,178,0,0.0
Full_experiment_6thNov,ZDT2,unconstrained,Ikhlas,14,120.07546469,20,178,0,0.0
Full_experiment_6thNov,ZDT2,unconstrained,Ikhlas,15,120.3277596,20,178,0,0.0
Full_experiment_6thNov,ZDT2,unconstrained,Ikhlas,16,118.31973577,20,178,0,0.0
Full_experiment_6thNov,ZDT2,unconstrained,Ikhlas,17,120.30324275,20,178,0,0.0
Full_experiment_6thNov,ZDT2,unconstrained,Ikhlas,18,120.22283255,20,178,0,0.0
Full_experiment_6thNov,ZDT2,unconstrained,Ikhlas,19,117.92187206,20,178,0,0.0
Full_experiment_6thNov,ZDT2,unconstrained,Ikhlas,20,120.32665463,20,178,0,0.0
Full_experiment_6thNov,ZDT2,unconstrained,Ikhlas,21,120.32767059,20,178,0,0.0
Full_experiment_6thNov,ZDT2,unconstrained,Ikhlas,22,118.21333179,20,178,0,0.0
Full_experiment_6thNov,ZDT2,unconstrained,Ikhlas,23,120.317113,20,178,0,0.0
Full_experiment_6thNov,ZDT2,unconstrained,Ikhlas,24,120.32473282,20,178,0,0.0
Full_experiment_6thNov,ZDT2,unconstrained,Karima,0,120.3270421,20,178,0,0.0
Full_experiment_6thNov,ZDT2,unconstrained,Karima,1,120.32713711,20,178,0,0.0
Full_experiment_6thNov,ZDT2,unconstrained,Karima,2,120.32772594,20,178,0,0.0
Full_experiment_6thNov,ZDT2,unconstrained,Karima,3,120.31419826,20,178,0,0.0
Full_experiment_6thNov,ZDT2,unconstrained,Karima,4,120.32738082,20,178,0,0.0
Full_experiment_6thNov,ZDT2,unconstrained,Karima,5,120.32799052,20,178,0,0.0
Full_experiment_6thNov,ZDT2,unconstrained,Karima,6,118.07351377,20,178,0,0.0
Full_experiment_6thNov,ZDT2,unconstrained,Karima,7,120.13587122,20,178,0,0.0
Full_experiment_6thNov,ZDT2,unconstrained,Karima,8,114.80445341,20,178,0,0.0
Full_experiment_6thNov,ZDT2,unconstrained,Karima,9,120.31480199,20,178,0,0.0
Full_experiment_6thNov,ZDT2,unconstrained,Karima,10,117.37787325,20,178,0,0.0
Full_experiment_6thNov,ZDT2,unconstrained,Karima,11,120.32775385,20,178,0,0.0
Full_experiment_6thNov,ZDT2,unconstrained,Karima,12,120.32644038,20,178,0,0.0
Full_experiment_6thNov,ZDT2,unconstrained,Karima,13,120.31125782,20,178,0,0.0
Full_experiment_6thNov,ZDT2,unconstrained,Karima,14,120.32748719,20,178,0,0.0
Full_experiment_6thNov,ZDT2,unconstrained,Karima,15,120.32865642,20,178,0,0.0
Full_experiment_6thNov,ZDT2,unconstrained,Karima,16,120.31792736,20,178,0,0.0
Full_experiment_6thNov,ZDT2,unconstrained,Karima,17,120.32398871,20,178,0,0.0
Full_experiment_6thNov,ZDT2,unconstrained,Karima,18,120.32199387,20,178,0,0.0
Full_experiment_6thNov,ZDT2,unconstrained,Karima,19,120.17138195,20,178,0,0.0
Full_experiment_6thNov,ZDT2,unconstrained,Karima,20,120.32610955,20,178,0,0.0
Full_experiment_6thNov,ZDT2,unconstrained,Karima,21,120.3266835,20,178,0,0.0
Full_experiment_6thNov,ZDT2,unconstrained,Karima,22,119.99959762,20,178,0,0.0
Full_experiment_6thNov,ZDT2,unconstrained,Karima,23,120.32500534,20,178,0,0.0
Full_experiment_6thNov,ZDT2,unconstrained,Karima,24,120.25628945,20,178,0,0.0
Full_experiment_6thNov,ZDT2,unconstrained,Traditional_NEHVI,0,237.39058742,20,178,0,120.73
Full_experiment_6thNov,ZDT2,unconstrained,Traditional_NEHVI,1,232.5837444,20,178,0,137.46
Full_experiment_6thNov,ZDT2,unconstrained,Traditional_NEHVI,2,225.11749011,20,178,0,128.7
Full_experiment_6thNov,ZDT2,unconstrained,Traditional_NEHVI,3,233.10584688,20,178,0,174.69
Full_experiment_6thNov,ZDT2,unconstrained,Traditional_NEHVI,4,222.63585357,20,178,0,129.48
Full_experiment_6thNov,ZDT2,unconstrained,Traditional_NEHVI,5,234.98344451,20,178,0,153.69
Full_experiment_6thNov,ZDT2,unconstrained,Traditional_NEHVI,6,239.68206008,20,178,0,141.66
Full_experiment_6thNov,ZDT2,unconstrained,Traditional_NEHVI,7,227.79790832,20,178,0,122.85
Full_experiment_6thNov,ZDT2,unconstrained,Traditional_NEHVI,8,227.20972004,20,178,0,178.82
Full_experiment_6thNov,ZDT2,unconstrained,Traditional_NEHVI,9,236.04662337,20,178,0,181.92
Full_experiment_6thNov,ZDT2,unconstrained,Traditional_NEHVI,10,234.97970667,20,178,0,140.09
Full_experiment_6thNov,ZDT2,unconstrained,Traditional_NEHVI,11,235.21506217,20,178,0,164.0
Full_experiment_6thNov,ZDT2,unconstrained,Traditional_NEHVI,12,228.47536646,20,178,0,129.84
Full_experiment_6thNov,ZDT2,unconstrained,Traditional_NEHVI,13,232.92485068,20,178,0,142.37
Full_experiment_6thNov,ZDT2,unconstrained,Traditional_NEHVI,14,228.19257845,20,178,0,204.7
Full_experiment_6thNov,ZDT2,unconstrained,Traditional_NEHVI,15,233.68750373,20,178,0,114.1
Full_experiment_6thNov,ZDT2,unconstrained,Traditional_NEHVI,16,238.61170593,20,178,0,184.58
Full_experiment_6thNov,ZDT2,unconstrained,Traditional_NEHVI,17,227.70011709,20,178,0,152.41
Full_experiment_6thNov,ZDT2,unconstrained,Traditional_NEHVI,18,233.12028225,20,178,0,131.47
Full_experiment_6thNov,ZDT2,unconstrained,Traditional_NEHVI,19,235.92559161,20,178,0,117.98
Full_experiment_6thNov,ZDT2,unconstrained,Traditional_NEHVI,20,221.00668707,20,178,0,165.28
Full_experiment_6thNov,ZDT2,unconstrained,Traditional_NEHVI,21,235.73179975,20,178,0,181.25
Full_experiment_6thNov,ZDT2,unconstrained,Traditional_NEHVI,22,228.90778343,20,178,0,112.35
Full_experiment_6thNov,ZDT2,unconstrained,Traditional_NEHVI,23,232.79243736,20,178,0,124.87
Full_experiment_6thNov,ZDT2,unconstrained,Traditional_NEHVI,24,235.62744061,20,178,0,134.73
Full_experiment_6thNov,ZDT3,unconstrained,EGBO,0,128.68618163,20,178,0,0.0
Full_experiment_6thNov,ZDT3,unconstrained,EGBO,1,128.71997193,20,178,0,0.0
Full_experiment_6thNov,ZDT3,unconstrained,EGBO,2,128.5553378,20,178,0,0.0
Full_experiment_6thNov,ZDT3,unconstrained,EGBO,3,128.61998707,20,178,0,0.0
Full_experiment_6thNov,ZDT3,unconstrained,EGBO,4,122.09513867,20,178,0,0.0
Full_experiment_6thNov,ZDT3,unconstrained,EGBO,5,125.25537505,20,178,0,0.0
Full_experiment_6thNov,ZDT3,unconstrained,EGBO,6,122.10273085,20,178,0,0.0
Full_experiment_6thNov,ZDT3,unconstrained,EGBO,7,128.5763585,20,178,0,0.0
Full_experiment_6thNov,ZDT3,unconstrained,EGBO,8,127.68904422,20,178,0,0.0
Full_experiment_6thNov,ZDT3,unconstrained,EGBO,9,128.68021047,20,178,0,0.0
Full_experiment_6thNov,ZDT3,unconstrained,EGBO,10,128.71919176,20,178,0,0.0
Full_experiment_6thNov,ZDT3,unconstrained,EGBO,11,125.43169788,20,178,0,0.0
Full_experiment_6thNov,ZDT3,unconstrained,EGBO,12,127.70701004,20,178,0,0.0
Full_experiment_6thNov,ZDT3,unconstrained,EGBO,13,128.00703052,20,178,0,0.0
Full_experiment_6thNov,ZDT3,unconstrained,EGBO,14,128.68078593,20,178,0,0.0
Full_experiment_6thNov,ZDT3,unconstrained,EGBO,15,128.72081452,20,178,0,0.0
Full_experiment_6thNov,ZDT3,unconstrained,EGBO,16,128.71231492,20,178,0,0.0
Full_experiment_6thNov,ZDT3,unconstrained,EGBO,17,128.56306162,20,178,0,0.0
Full_experiment_6thNov,ZDT3,unconstrained,EGBO,18,128.72655016,20,178,0,0.0
Full_experiment_6thNov,ZDT3,unconstrained,EGBO,19,124.99112426,20,178,0,0.0
Full_experiment_6thNov,ZDT3,unconstrained,EGBO,20,128.69355868,20,178,0,0.0
Full_experiment_6thNov,ZDT3,unconstrained,EGBO,21,128.65062241,20,178,0,0.0
Full_experiment_6thNov,ZDT3,unconstrained,EGBO,22,121.89192382,20,178,0,0.0
Full_experiment_6thNov,ZDT3,unconstrained,EGBO,23,128.70136383,20,178,0,0.0
Full_experiment_6thNov,ZDT3,unconstrained,EGBO,24,125.54391028,20,178,0,0.0
Full_experiment_6thNov,ZDT3,unconstrained,Feryal,0,128.65724332,20,178,0,0.0
Full_experiment_6thNov,ZDT3,unconstrained,Feryal,1,128.59899281,20,178,0,0.0
Full_experiment_6thNov,ZDT3,unconstrained,Feryal,2,128.66790561,20,178,0,0.0
Full_experiment_6thNov,ZDT3,unconstrained,Feryal,3,128.15527485,20,178,0,0.0
Full_experiment_6thNov,ZDT3,unconstrained,Feryal,4,128.58371505,20,178,0,0.0
Full_experiment_6thNov,ZDT3,unconstrained,Feryal,5,128.50718589,20,178,0,0.0
Full_experiment_6thNov,ZDT3,unconstrained,Feryal,6,121.80359518,20,178,0,0.0
Full_experiment_6thNov,ZDT3,unconstrained,Feryal,7,125.46343566,20,178,0,0.0
Full_experiment_6thNov,ZDT3,unconstrained,Feryal,8,125.2677003,20,178,0,0.0
Full_experiment_6thNov,ZDT3,unconstrained,Feryal,9,128.64752216,20,178,0,0.0
Full_experiment_6thNov,ZDT3,unconstrained,Feryal,10,128.71446113,20,178,0,0.0
Full_experiment_6thNov,ZDT3,unconstrained,Feryal,11,128.66360646,20,178,0,0.0
Full_experiment_6thNov,ZDT3,unconstrained,Feryal,12,128.37378228,20,178,0,0.0
Full_experiment_6thNov,ZDT3,unconstrained,Feryal,13,128.49905481,20,178,0,0.0
Full_experiment_6thNov,ZDT3,unconstrained,Feryal,14,128.69063694,20,178,0,0.0
Full_experiment_6thNov,ZDT3,unconstrained,Feryal,15,125.3931297,20,178,0,0.0
Full_experiment_6thNov,ZDT3,unconstrained,Feryal,16,128.72412855,20,178,0,0.0
Full_experiment_6thNov,ZDT3,unconstrained,Feryal,17,128.53062882,20,178,0,0.0
Full_experiment_6thNov,ZDT3,unconstrained,Feryal,18,122.09615431,20,178,0,0.0
Full_experiment_6thNov,ZDT3,unconstrained,Feryal,19,128.40604633,20,178,0,0.0
Full_experiment_6thNov,ZDT3,unconstrained,Feryal,20,128.6126641,20,178,0,0.0
Full_experiment_6thNov,ZDT3,unconstrained,Feryal,21,128.6895611,20,178,0,0.0
Full_experiment_6thNov,ZDT3,unconstrained,Feryal,22,128.74120658,20,178,0,0.0
Full_experiment_6thNov,ZDT3,unconstrained,Feryal,23,128.56086509,20,178,0,0.0
Full_experiment_6thNov,ZDT3,unconstrained,Feryal,24,122.92815836,20,178,0,0.0
Full_experiment_6thNov,ZDT3,unconstrained,Ikhlas,0,128.67478955,20,178,0,0.0
Full_experiment_6thNov,ZDT3,unconstrained,Ikhlas,1,128.68114751,20,178,0,0.0
Full_experiment_6thNov,ZDT3,unconstrained,Ikhlas,2,128.57507987,20,178,0,0.0
Full_experiment_6thNov,ZDT3,unconstrained,Ikhlas,3,128.68121055,20,178,0,0.0
Full_experiment_6thNov,ZDT3,unconstrained,Ikhlas,4,128.64857293,20,178,0,0.0
Full_experiment_6thNov,ZDT3,unconstrained,Ikhlas,5,127.91416398,20,178,0,0.0
Full_experiment_6thNov,ZDT3,unconstrained,Ikhlas,6,128.6109484,20,178,0,0.0
Full_experiment_6thNov,ZDT3,unconstrained,Ikhlas,7,128.75645282,20,178,0,0.0
Full_experiment_6thNov,ZDT3,unconstrained,Ikhlas,8,128.68589178,20,178,0,0.0
Full_experiment_6thNov,ZDT3,unconstrained,Ikhlas,9,128.50275488,20,178,0,0.0
Full_experiment_6thNov,ZDT3,unconstrained,Ikhlas,10,128.71523182,20,178,0,0.0
Full_experiment_6thNov,ZDT3,unconstrained,Ikhlas,11,128.73677351,20,178,0,0.0
Full_experiment_6thNov,ZDT3,unconstrained,Ikhlas,12,128.74736551,20,178,0,0.0
Full_experiment_6thNov,ZDT3,unconstrained,Ikhlas,13,125.53188312,20,178,0,0.0
Full_experiment_6thNov,ZDT3,unconstrained,Ikhlas,14,122.82334931,20,178,0,0.0
Full_experiment_6thNov,ZDT3,unconstrained,Ikhlas,15,128.7387476,20,178,0,0.0
Full_experiment_6thNov,ZDT3,unconstrained,Ikhlas,16,128.32747849,20,178,0,0.0
Full_experiment_6thNov,ZDT3,unconstrained,Ikhlas,17,128.74394744,20,178,0,0.0
Full_experiment_6thNov,ZDT3,unconstrained,Ikhlas,18,127.94565333,20,178,0,0.0
Full_experiment_6thNov,ZDT3,unconstrained,Ikhlas,19,128.74534321,20,178,0,0.0
Full_experiment_6thNov,ZDT3,unconstrained,Ikhlas,20,128.75143851,20,178,0,0.0
Full_experiment_6thNov,ZDT3,unconstrained,Ikhlas,21,128.7414838,20,178,0,0.0
Full_experiment_6thNov,ZDT3,unconstrained,Ikhlas,22,125.55104481,20,178,0,0.0
Full_experiment_6thNov,ZDT3,unconstrained,Ikhlas,23,125.55304219,20,178,0,0.0
Full_experiment_6thNov,ZDT3,unconstrained,Ikhlas,24,128.29008349,20,178,0,0.0
Full_experiment_6thNov,ZDT3,unconstrained,Karima,0,127.88121979,20,178,0,0.0
Full_experiment_6thNov,ZDT3,unconstrained,Karima,1,128.60068314,20,178,0,0.0
Full_experiment_6thNov,ZDT3,unconstrained,Karima,2,124.63120698,20,178,0,0.0
Full_experiment_6thNov,ZDT3,unconstrained,Karima,3,128.42832094,20,178,0,0.0
Full_experiment_6thNov,ZDT3,unconstrained,Karima,4,128.71679148,20,178,0,0.0
Full_experiment_6thNov,ZDT3,unconstrained,Karima,5,128.44365095,20,178,0,0.0
Full_experiment_6thNov,ZDT3,unconstrained,Karima,6,128.60582429,20,178,0,0.0
Full_experiment_6thNov,ZDT3,unconstrained,Karima,7,128.75064622,20,178,0,0.0
Full_experiment_6thNov,ZDT3,unconstrained,Karima,8,128.69498971,20,178,0,0.0
Full_experiment_6thNov,ZDT3,unconstrained,Karima,9,128.73309405,20,178,0,0.0
Full_experiment_6thNov,ZDT3,unconstrained,Karima,10,128.66251275,20,178,0,0.0
Full_experiment_6thNov,ZDT3,unconstrained,Karima,11,128.5724473,20,178,0,0.0
Full_experiment_6thNov,ZDT3,unconstrained,Karima,12,122.10214321,20,178,0,0.0
Full_experiment_6thNov,ZDT3,unconstrained,Karima,13,128.67733926,20,178,0,0.0
Full_experiment_6thNov,ZDT3,unconstrained,Karima,14,128.69164914,20,178,0,0.0
Full_experiment_6thNov,ZDT3,unconstrained,Karima,15,128.66800832,20,178,0,0.0
Full_experiment_6thNov,ZDT3,unconstrained,Karima,16,128.21757465,20,178,0,0.0
Full_experiment_6thNov,ZDT3,unconstrained,Karima,17,128.72458067,20,178,0,0.0
Full_experiment_6thNov,ZDT3,unconstrained,Karima,18,125.55085533,20,178,0,0.0
Full_experiment_6thNov,ZDT3,unconstrained,Karima,19,128.61200986,20,178,0,0.0
Full_experiment_6thNov,ZDT3,unconstrained,Karima,20,127.90725033,20,178,0,0.0
Full_experiment_6thNov,ZDT3,unconstrained,Karima,21,128.58066672,20,178,0,0.0
Full_experiment_6thNov,ZDT3,unconstrained,Karima,22,125.49382694,20,178,0,0.0
Full_experiment_6thNov,ZDT3,unconstrained,Karima,23,128.70549172,20,178,0,0.0
Full_experiment_6thNov,ZDT3,unconstrained,Karima,24,128.60339012,20,178,0,0.0
Full_experiment_6thNov,ZDT3,unconstrained,Traditional_NEHVI,0,143.79554577,20,178,0,259.02
Full_experiment_6thNov,ZDT3,unconstrained,Traditional_NEHVI,1,143.7930945,20,178,0,302.6
Full_experiment_6thNov,ZDT3,unconstrained,Traditional_NEHVI,2,143.79612734,20,178,0,341.16
Full_experiment_6thNov,ZDT3,unconstrained,Traditional_NEHVI,3,143.80362968,20,178,0,331.26
Full_experiment_6thNov,ZDT3,unconstrained,Traditional_NEHVI,4,143.79104847,20,178,0,281.35
Full_experiment_6thNov,ZDT3,unconstrained,Traditional_NEHVI,5,143.79877588,20,178,0,333.02
Full_experiment_6thNov,ZDT3,unconstrained,Traditional_NEHVI,6,143.84704107,20,178,0,297.39
Full_experiment_6thNov,ZDT3,unconstrained,Traditional_NEHVI,7,143.79878082,20,178,0,275.05
Full_experiment_6thNov,ZDT3,unconstrained,Traditional_NEHVI,8,143.82224552,20,178,0,343.04
Full_experiment_6thNov,ZDT3,unconstrained,Traditional_NEHVI,9,143.8291837,20,178,0,291.15
Full_experiment_6thNov,ZDT3,unconstrained,Traditional_NEHVI,10,143.83873678,20,178,0,265.67
Full_experiment_6thNov,ZDT3,unconstrained,Traditional_NEHVI,11,143.7985283,20,178,0,269.9
Full_experiment_6thNov,ZDT3,unconstrained,Traditional_NEHVI,12,143.84985877,20,178,0,281.38
Full_experiment_6thNov,ZDT3,unconstrained,Traditional_NEHVI,13,143.79791861,20,178,0,294.03
Full_experiment_6thNov,ZDT3,unconstrained,Traditional_NEHVI,14,143.79969474,20,178,0,214.88
Full_experiment_6thNov,ZDT3,unconstrained,Traditional_NEHVI,15,143.81345538,20,178,0,300.17
Full_experiment_6thNov,ZDT3,unconstrained,Traditional_NEHVI,16,143.79703251,20,178,0,307.02
Full_experiment_6thNov,ZDT3,unconstrained,Traditional_NEHVI,17,143.8523001,20,178,0,312.11
Full_experiment_6thNov,ZDT3,unconstrained,Traditional_NEHVI,18,143.80260782,20,178,0,319.81
Full_experiment_6thNov,ZDT3,unconstrained,Traditional_NEHVI,19,143.79905917,20,178,0,328.69
Full_experiment_6thNov,ZDT3,unconstrained,Traditional_NEHVI,20,143.83851917,20,178,0,268.39
Full_experiment_6thNov,ZDT3,unconstrained,Traditional_NEHVI,21,143.80047357,20,178,0,294.69
Full_experiment_6thNov,ZDT3,unconstrained,Traditional_NEHVI,22,143.95640329,20,178,0,288.95
Full_experiment_6thNov,ZDT3,unconstrained,Traditional_NEHVI,23,143.84096999,20,178,0,281.84
Full_experiment_6thNov,ZDT3,unconstrained,Traditional_NEHVI,24,143.81893173,20,178,0,274.84
Full_experiment_6thNov,MW3,constrained,EGBO,0,2.00376877,20,178,153,0.0
Full_experiment_6thNov,MW3,constrained,EGBO,1,2.02111971,20,178,154,0.0
Full_experiment_6thNov,MW3,constrained,EGBO,2,1.99282187,20,178,154,0.0
Full_experiment_6thNov,MW3,constrained,EGBO,3,2.01150016,20,178,161,0.0
Full_experiment_6thNov,MW3,constrained,EGBO,4,1.99394868,20,178,152,0.0
Full_experiment_6thNov,MW3,constrained,EGBO,5,1.95345736,20,178,148,0.0
Full_experiment_6thNov,MW3,constrained,EGBO,6,1.98651366,20,178,153,0.0
Full_experiment_6thNov,MW3,constrained,EGBO,7,2.00674143,20,178,158,0.0
Full_experiment_6thNov,MW3,constrained,EGBO,8,2.00381164,20,178,155,0.0
Full_experiment_6thNov,MW3,constrained,EGBO,9,2.01303179,20,178,156,0.0
Full_experiment_6thNov,MW3,constrained,EGBO,10,1.9986471,20,178,145,0.0
Full_experiment_6thNov,MW3,constrained,EGBO,11,2.02168836,20,178,153,0.0
Full_experiment_6thNov,MW3,constrained,EGBO,12,2.01508359,20,178,153,0.0
Full_experiment_6thNov,MW3,constrained,EGBO,13,2.00770626,20,178,161,0.0
Full_experiment_6thNov,MW3,constrained,EGBO,14,2.02193231,20,178,154,0.0
Full_experiment_6thNov,MW3,constrained,EGBO,15,2.01264396,20,178,153,0.0
Full_experiment_6thNov,MW3,constrained,EGBO,16,1.97410377,20,178,153,0.0
Full_experiment_6thNov,MW3,constrained,EGBO,17,2.00644271,20,178,158,0.0
Full_experiment_6thNov,MW3,constrained,EGBO,18,1.9865561,20,178,154,0.0
Full_experiment_6thNov,MW3,constrained,EGBO,19,1.98434474,20,178,153,0.0
Full_experiment_6thNov,MW3,constrained,EGBO,20,2.01653158,20,178,153,0.0
Full_experiment_6thNov,MW3,constrained,EGBO,21,2.01198489,20,178,152,0.0
Full_experiment_6thNov,MW3,constrained,EGBO,22,2.00026178,20,178,150,0.0
Full_experiment_6thNov,MW3,constrained,EGBO,23,2.01712574,20,178,161,0.0
Full_experiment_6thNov,MW3,constrained,EGBO,24,1.98878645,20,178,151,0.0
Full_experiment_6thNov,MW3,constrained,Feryal,0,2.01855832,20,178,155,0.0
Full_experiment_6thNov,MW3,constrained,Feryal,1,2.00757115,20,178,152,0.0
Full_experiment_6thNov,MW3,constrained,Feryal,2,2.00768608,20,178,155,0.0
Full_experiment_6thNov,MW3,constrained,Feryal,3,1.99208625,20,178,161,0.0
Full_experiment_6thNov,MW3,constrained,Feryal,4,1.99907084,20,178,151,0.0
Full_experiment_6thNov,MW3,constrained,Feryal,5,1.96822683,20,178,153,0.0
Full_experiment_6thNov,MW3,constrained,Feryal,6,1.93079053,20,178,153,0.0
Full_experiment_6thNov,MW3,constrained,Feryal,7,2.02655727,20,178,158,0.0
Full_experiment_6thNov,MW3,constrained,Feryal,8,2.01958071,20,178,152,0.0
Full_experiment_6thNov,MW3,constrained,Feryal,9,1.94989676,20,178,157,0.0
Full_experiment_6thNov,MW3,constrained,Feryal,10,1.97369369,20,178,149,0.0
Full_experiment_6thNov,MW3,constrained,Feryal,11,2.01870034,20,178,152,0.0
Full_experiment_6thNov,MW3,constrained,Feryal,12,1.99632249,20,178,152,0.0
Full_experiment_6thNov,MW3,constrained,Feryal,13,2.00623751,20,178,161,0.0
Full_experiment_6thNov,MW3,constrained,Feryal,14,1.90745196,20,178,153,0.0
Full_experiment_6thNov,MW3,constrained,Feryal,15,2.00732025,20,178,153,0.0
Full_experiment_6thNov,MW3,constrained,Feryal,16,1.99685811,20,178,151,0.0
Full_experiment_6thNov,MW3,constrained,Feryal,17,1.99122664,20,178,158,0.0
Full_experiment_6thNov,MW3,constrained,Feryal,18,2.0025946,20,178,152,0.0
Full_experiment_6thNov,MW3,constrained,Feryal,19,1.99365787,20,178,154,0.0
Full_experiment_6thNov,MW3,constrained,Feryal,20,2.00871213,20,178,152,0.0
Full_experiment_6thNov,MW3,constrained,Feryal,21,2.02864253,20,178,153,0.0
Full_experiment_6thNov,MW3,constrained,Feryal,22,2.01611739,20,178,154,0.0
Full_experiment_6thNov,MW3,constrained,Feryal,23,2.00931768,20,178,161,0.0
Full_experiment_6thNov,MW3,constrained,Feryal,24,1.93687893,20,178,152,0.0
Full_experiment_6thNov,MW3,constrained,Ikhlas,0,1.98739964,20,178,149,0.0
Full_experiment_6thNov,MW3,constrained,Ikhlas,1,2.01954319,20,178,153,0.0
Full_experiment_6thNov,MW3,constrained,Ikhlas,2,2.00105769,20,178,154,0.0
Full_experiment_6thNov,MW3,constrained,Ikhlas,3,2.0315595,20,178,161,0.0
Full_experiment_6thNov,MW3,constrained,Ikhlas,4,2.02192337,20,178,153,0.0
Full_experiment_6thNov,MW3,constrained,Ikhlas,5,2.00059026,20,178,153,0.0
Full_experiment_6thNov,MW3,constrained,Ikhlas,6,1.98916613,20,178,152,0.0
Full_experiment_6thNov,MW3,constrained,Ikhlas,7,2.01937322,20,178,160,0.0
Full_experiment_6thNov,MW3,constrained,Ikhlas,8,2.01338406,20,178,156,0.0
Full_experiment_6thNov,MW3,constrained,Ikhlas,9,2.02137028,20,178,155,0.0
Full_experiment_6thNov,MW3,constrained,Ikhlas,10,1.99492056,20,178,155,0.0
Full_experiment_6thNov,MW3,constrained,Ikhlas,11,2.01836051,20,178,154,0.0
Full_experiment_6thNov,MW3,constrained,Ikhlas,12,2.0011122,20,178,150,0.0
Full_experiment_6thNov,MW3,constrained,Ikhlas,13,2.01822346,20,178,161,0.0
Full_experiment_6thNov,MW3,constrained,Ikhlas,14,2.01560754,20,178,153,0.0
Full_experiment_6thNov,MW3,constrained,Ikhlas,15,1.95944689,20,178,153,0.0
Full_experiment_6thNov,MW3,constrained,Ikhlas,16,1.98270005,20,178,153,0.0
Full_experiment_6thNov,MW3,constrained,Ikhlas,17,2.01913952,20,178,159,0.0
Full_experiment_6thNov,MW3,constrained,Ikhlas,18,2.02459687,20,178,155,0.0
Full_experiment_6thNov,MW3,constrained,Ikhlas,19,1.95475669,20,178,154,0.0
Full_experiment_6thNov,MW3,constrained,Ikhlas,20,2.03034832,20,178,153,0.0
Full_experiment_6thNov,MW3,constrained,Ikhlas,21,2.02400359,20,178,150,0.0
Full_experiment_6thNov,MW3,constrained,Ikhlas,22,2.01724919,20,178,155,0.0
Full_experiment_6thNov,MW3,constrained,Ikhlas,23,2.00184485,20,178,161,0.0
Full_experiment_6thNov,MW3,constrained,Ikhlas,24,1.93848743,20,178,149,0.0
Full_experiment_6thNov,MW3,constrained,Karima,0,2.01041325,20,178,154,0.0
Full_experiment_6thNov,MW3,constrained,Karima,1,2.02462986,20,178,154,0.0
Full_experiment_6thNov,MW3,constrained,Karima,2,2.00373212,20,178,156,0.0
Full_experiment_6thNov,MW3,constrained,Karima,3,2.02708685,20,178,161,0.0
Full_experiment_6thNov,MW3,constrained,Karima,4,2.0037638,20,178,155,0.0
Full_experiment_6thNov,MW3,constrained,Karima,5,2.00010559,20,178,154,0.0
Full_experiment_6thNov,MW3,constrained,Karima,6,1.93141902,20,178,151,0.0
Full_experiment_6thNov,MW3,constrained,Karima,7,2.02619574,20,178,159,0.0
Full_experiment_6thNov,MW3,constrained,Karima,8,2.02544232,20,178,156,0.0
Full_experiment_6thNov,MW3,constrained,Karima,9,1.98875857,20,178,155,0.0
Full_experiment_6thNov,MW3,constrained,Karima,10,1.99664477,20,178,152,0.0
Full_experiment_6thNov,MW3,constrained,Karima,11,2.03021372,20,178,153,0.0
Full_experiment_6thNov,MW3,constrained,Karima,12,2.01410911,20,178,152,0.0
Full_experiment_6thNov,MW3,constrained,Karima,13,2.02380436,20,178,161,0.0
Full_experiment_6thNov,MW3,constrained,Karima,14,2.01103387,20,178,152,0.0
Full_experiment_6thNov,MW3,constrained,Karima,15,2.03230002,20,178,154,0.0
Full_experiment_6thNov,MW3,constrained,Karima,16,1.98403428,20,178,152,0.0
Full_experiment_6thNov,MW3,constrained,Karima,17,2.0051667,20,178,160,0.0
Full_experiment_6thNov,MW3,constrained,Karima,18,2.02067253,20,178,153,0.0
Full_experiment_6thNov,MW3,constrained,Karima,19,1.9898313,20,178,154,0.0
Full_experiment_6thNov,MW3,constrained,Karima,20,1.98579869,20,178,152,0.0
Full_experiment_6thNov,MW3,constrained,Karima,21,1.99865851,20,178,153,0.0
Full_experiment_6thNov,MW3,constrained,Karima,22,2.01190797,20,178,153,0.0
Full_experiment_6thNov,MW3,constrained,Karima,23,2.01722115,20,178,159,0.0
Full_experiment_6thNov,MW3,constrained,Karima,24,2.02255803,20,178,153,0.0
Full_experiment_6thNov,MW3,constrained,Traditional_NEHVI,0,0.0,20,178,35,259.49
Full_experiment_6thNov,MW3,constrained,Traditional_NEHVI,1,0.0,20,178,30,221.2
Full_experiment_6thNov,MW3,constrained,Traditional_NEHVI,2,0.0,20,178,26,232.14
Full_experiment_6thNov,MW3,constrained,Traditional_NEHVI,3,0.0,20,178,27,207.68
Full_experiment_6thNov,MW3,constrained,Traditional_NEHVI,4,0.0,20,178,22,198.01
Full_experiment_6thNov,MW3,constrained,Traditional_NEHVI,5,0.0,20,178,25,186.13
Full_experiment_6thNov,MW3,constrained,Traditional_NEHVI,6,0.0,20,178,33,231.32
Full_experiment_6thNov,MW3,constrained,Traditional_NEHVI,7,0.0,20,178,26,210.04
Full_experiment_6thNov,MW3,constrained,Traditional_NEHVI,8,0.0,20,178,24,220.29
Full_experiment_6thNov,MW3,constrained,Traditional_NEHVI,9,0.0,20,178,28,235.51
Full_experiment_6thNov,MW3,constrained,Traditional_NEHVI,10,0.0,20,178,26,236.73
Full_experiment_6thNov,MW3,constrained,Traditional_NEHVI,11,0.0,20,178,28,208.32
Full_experiment_6thNov,MW3,constrained,Traditional_NEHVI,12,0.0,20,178,24,159.31
Full_experiment_6thNov,MW3,constrained,Traditional_NEHVI,13,0.0,20,178,33,261.89
Full_experiment_6thNov,MW3,constrained,Traditional_NEHVI,14,0.0,20,178,28,215.46
Full_experiment_6thNov,MW3,constrained,Traditional_NEHVI,15,0.0,20,178,27,212.43
Full_experiment_6thNov,MW3,constrained,Traditional_NEHVI,16,0.0,20,178,29,229.88
Full_experiment_6thNov,MW3,constrained,Traditional_NEHVI,17,0.0,20,178,34,273.93
Full_experiment_6thNov,MW3,constrained,Traditional_NEHVI,18,0.0,20,178,27,220.48
Full_experiment_6thNov,MW3,constrained,Traditional_NEHVI,19,0.0,20,178,21,199.93
Full_experiment_6thNov,MW3,constrained,Traditional_NEHVI,20,0.0,20,178,29,230.37
Full_experiment_6thNov,MW3,constrained,Traditional_NEHVI,21,0.0,20,178,38,249.79
Full_experiment_6thNov,MW3,constrained,Traditional_NEHVI,22,0.0,20,178,29,255.76
Full_experiment_6thNov,MW3,constrained,Traditional_NEHVI,23,0.0,20,178,29,235.25
Full_experiment_6thNov,MW3,constrained,Traditional_NEHVI,24,0.0,20,178,30,242.23
Full_experiment_6thNov,MW5,constrained,EGBO,0,1.25959871,20,178,49,0.0
Full_experiment_6thNov,MW5,constrained,EGBO,1,1.19947995,20,178,69,0.0
Full_experiment_6thNov,MW5,constrained,EGBO,2,1.22890221,20,178,54,0.0
Full_experiment_6thNov,MW5,constrained,EGBO,3,1.26361855,20,178,62,0.0
Full_experiment_6thNov,MW5,constrained,EGBO,4,1.1759843,20,178,89,0.0
Full_experiment_6thNov,MW5,constrained,EGBO,5,1.21753788,20,178,45,0.0
Full_experiment_6thNov,MW5,constrained,EGBO,6,0.47427741,20,178,37,0.0
Full_experiment_6thNov,MW5,constrained,EGBO,7,1.03216569,20,178,62,0.0
Full_experiment_6thNov,MW5,constrained,EGBO,8,1.32798497,20,178,80,0.0
Full_experiment_6thNov,MW5,constrained,EGBO,9,1.34552785,20,178,50,0.0
Full_experiment_6thNov,MW5,constrained,EGBO,10,1.27358978,20,178,77,0.0
Full_experiment_6thNov,MW5,constrained,EGBO,11,1.27001137,20,178,54,0.0
Full_experiment_6thNov,MW5,constrained,EGBO,12,1.20199251,20,178,60,0.0
Full_experiment_6thNov,MW5,constrained,EGBO,13,1.21230675,20,178,35,0.0
Full_experiment_6thNov,MW5,constrained,EGBO,14,1.14764787,20,178,49,0.0
Full_experiment_6thNov,MW5,constrained,EGBO,15,1.20183052,20,178,72,0.0
Full_experiment_6thNov,MW5,constrained,EGBO,16,1.14138094,20,178,60,0.0
Full_experiment_6thNov,MW5,constrained,EGBO,17,1.12392192,20,178,49,0.0
Full_experiment_6thNov,MW5,constrained,EGBO,18,1.21276862,20,178,59,0.0
Full_experiment_6thNov,MW5,constrained,EGBO,19,1.18844216,20,178,60,0.0
Full_experiment_6thNov,MW5,constrained,EGBO,20,1.08435096,20,178,19,0.0
Full_experiment_6thNov,MW5,constrained,EGBO,21,1.26776869,20,178,55,0.0
Full_experiment_6thNov,MW5,constrained,EGBO,22,1.14260611,20,178,62,0.0
Full_experiment_6thNov,MW5,constrained,EGBO,23,1.13797045,20,178,34,0.0
Full_experiment_6thNov,MW5,constrained,EGBO,24,1.24214098,20,178,57,0.0
Full_experiment_6thNov,MW5,constrained,Feryal,0,1.05421473,20,178,63,0.0
Full_experiment_6thNov,MW5,constrained,Feryal,1,1.31385151,20,178,66,0.0
Full_experiment_6thNov,MW5,constrained,Feryal,2,1.25015205,20,178,54,0.0
Full_experiment_6thNov,MW5,constrained,Feryal,3,1.2432204,20,178,39,0.0
Full_experiment_6thNov,MW5,constrained,Feryal,4,1.20695731,20,178,52,0.0
Full_experiment_6thNov,MW5,constrained,Feryal,5,1.23317361,20,178,33,0.0
Full_experiment_6thNov,MW5,constrained,Feryal,6,0.4781743,20,178,39,0.0
Full_experiment_6thNov,MW5,constrained,Feryal,7,1.14742031,20,178,48,0.0
Full_experiment_6thNov,MW5,constrained,Feryal,8,1.28966484,20,178,65,0.0
Full_experiment_6thNov,MW5,constrained,Feryal,9,1.20593125,20,178,66,0.0
Full_experiment_6thNov,MW5,constrained,Feryal,10,1.27870449,20,178,32,0.0
Full_experiment_6thNov,MW5,constrained,Feryal,11,1.15213777,20,178,71,0.0
Full_experiment_6thNov,MW5,constrained,Feryal,12,1.30869509,20,178,76,0.0
Full_experiment_6thNov,MW5,constrained,Feryal,13,1.20521309,20,178,45,0.0
Full_experiment_6thNov,MW5,constrained,Feryal,14,1.14769374,20,178,54,0.0
Full_experiment_6thNov,MW5,constrained,Feryal,15,1.13312903,20,178,37,0.0
Full_experiment_6thNov,MW5,constrained,Feryal,16,0.47835685,20,178,22,0.0
Full_experiment_6thNov,MW5,constrained,Feryal,17,1.23502771,20,178,36,0.0
Full_experiment_6thNov,MW5,constrained,Feryal,18,1.30122766,20,178,46,0.0
Full_experiment_6thNov,MW5,constrained,Feryal,19,1.15048539,20,178,36,0.0
Full_experiment_6thNov,MW5,constrained,Feryal,20,1.29367647,20,178,41,0.0
Full_experiment_6thNov,MW5,constrained,Feryal,21,1.33000729,20,178,81,0.0
Full_experiment_6thNov,MW5,constrained,Feryal,22,1.28552954,20,178,54,0.0
Full_experiment_6thNov,MW5,constrained,Feryal,23,1.20026565,20,178,40,0.0
Full_experiment_6thNov,MW5,constrained,Feryal,24,0.85290429,20,178,65,0.0
Full_experiment_6thNov,MW5,constrained,Ikhlas,0,1.24308316,20,178,65,0.0
Full_experiment_6thNov,MW5,constrained,Ikhlas,1,1.16305162,20,178,64,0.0
Full_experiment_6thNov,MW5,constrained,Ikhlas,2,1.11600582,20,178,51,0.0
Full_experiment_6thNov,MW5,constrained,Ikhlas,3,1.24494124,20,178,52,0.0
Full_experiment_6thNov,MW5,constrained,Ikhlas,4,1.12303093,20,178,52,0.0
Full_experiment_6thNov,MW5,constrained,Ikhlas,5,1.09259966,20,178,41,0.0
Full_experiment_6thNov,MW5,constrained,Ikhlas,6,1.23284436,20,178,57,0.0
Full_experiment_6thNov,MW5,constrained,Ikhlas,7,1.26480882,20,178,33,0.0
Full_experiment_6thNov,MW5,constrained,Ikhlas,8,1.21393457,20,178,81,0.0
Full_experiment_6thNov,MW5,constrained,Ikhlas,9,1.24620874,20,178,35,0.0
Full_experiment_6thNov,MW5,constrained,Ikhlas,10,1.043592,20,178,42,0.0
Full_experiment_6thNov,MW5,constrained,Ikhlas,11,1.16917722,20,178,74,0.0
Full_experiment_6thNov,MW5,constrained,Ikhlas,12,1.24036639,20,178,60,0.0
Full_experiment_6thNov,MW5,constrained,Ikhlas,13,1.25001073,20,178,31,0.0
Full_experiment_6thNov,MW5,constrained,Ikhlas,14,1.09010169,20,178,56,0.0
Full_experiment_6thNov,MW5,constrained,Ikhlas,15,1.23734237,20,178,57,0.0
Full_experiment_6thNov,MW5,constrained,Ikhlas,16,0.46985456,20,178,29,0.0
Full_experiment_6thNov,MW5,constrained,Ikhlas,17,1.10375756,20,178,36,0.0
Full_experiment_6thNov,MW5,constrained,Ikhlas,18,1.31883042,20,178,81,0.0
Full_experiment_6thNov,MW5,constrained,Ikhlas,19,0.82726278,20,178,18,0.0
Full_experiment_6thNov,MW5,constrained,Ikhlas,20,1.19637794,20,178,37,0.0
Full_experiment_6thNov,MW5,constrained,Ikhlas,21,1.20689673,20,178,61,0.0
Full_experiment_6thNov,MW5,constrained,Ikhlas,22,1.22256389,20,178,44,0.0
Full_experiment_6thNov,MW5,constrained,Ikhlas,23,1.21381725,20,178,67,0.0
Full_experiment_6thNov,MW5,constrained,Ikhlas,24,1.31858095,20,178,83,0.0
Full_experiment_6thNov,MW5,constrained,Karima,0,1.13241737,20,178,41,0.0
Full_experiment_6thNov,MW5,constrained,Karima,1,1.10182137,20,178,54,0.0
Full_experiment_6thNov,MW5,constrained,Karima,2,1.27722444,20,178,47,0.0
Full_experiment_6thNov,MW5,constrained,Karima,3,1.31505876,20,178,42,0.0
Full_experiment_6thNov,MW5,constrained,Karima,4,1.10854395,20,178,58,0.0
Full_experiment_6thNov,MW5,constrained,Karima,5,1.28606297,20,178,58,0.0
Full_experiment_6thNov,MW5,constrained,Karima,6,0.64263692,20,178,37,0.0
Full_experiment_6thNov,MW5,constrained,Karima,7,1.2597074,20,178,52,0.0
Full_experiment_6thNov,MW5,constrained,Karima,8,1.21006085,20,178,31,0.0
Full_experiment_6thNov,MW5,constrained,Karima,9,1.12896668,20,178,46,0.0
Full_experiment_6thNov,MW5,constrained,Karima,10,1.21666936,20,178,38,0.0
Full_experiment_6thNov,MW5,constrained,Karima,11,1.15609384,20,178,81,0.0
Full_experiment_6thNov,MW5,constrained,Karima,12,1.19503295,20,178,55,0.0
Full_experiment_6thNov,MW5,constrained,Karima,13,1.23018589,20,178,55,0.0
Full_experiment_6thNov,MW5,constrained,Karima,14,1.1513855,20,178,57,0.0
Full_experiment_6thNov,MW5,constrained,Karima,15,1.25674692,20,178,32,0.0
Full_experiment_6thNov,MW5,constrained,Karima,16,0.47427165,20,178,26,0.0
Full_experiment_6thNov,MW5,constrained,Karima,17,1.37951122,20,178,68,0.0
Full_experiment_6thNov,MW5,constrained,Karima,18,1.27321639,20,178,55,0.0
Full_experiment_6thNov,MW5,constrained,Karima,19,1.25841409,20,178,83,0.0
Full_experiment_6thNov,MW5,constrained,Karima,20,0.91699802,20,178,9,0.0
Full_experiment_6thNov,MW5,constrained,Karima,21,1.17192745,20,178,56,0.0
Full_experiment_6thNov,MW5,constrained,Karima,22,1.22836879,20,178,46,0.0
Full_experiment_6thNov,MW5,constrained,Karima,23,1.2148793,20,178,29,0.0
Full_experiment_6thNov,MW5,constrained,Karima,24,1.10128095,20,178,81,0.0
Full_experiment_6thNov,MW5,constrained,Traditional_NEHVI,0,0.0,20,178,14,241.64
Full_experiment_6thNov,MW5,constrained,Traditional_NEHVI,1,0.0,20,178,16,235.5
Full_experiment_6thNov,MW5,constrained,Traditional_NEHVI,2,0.0,20,178,16,298.9
Full_experiment_6thNov,MW5,constrained,Traditional_NEHVI,3,0.0,20,178,19,292.01
Full_experiment_6thNov,MW5,constrained,Traditional_NEHVI,4,0.0,20,178,11,296.11
Full_experiment_6thNov,MW5,constrained,Traditional_NEHVI,5,0.0,20,178,11,260.96
Full_experiment_6thNov,MW5,constrained,Traditional_NEHVI,6,0.0,20,178,12,288.16
Full_experiment_6thNov,MW5,constrained,Traditional_NEHVI,7,0.0,20,178,10,288.95
Full_experiment_6thNov,MW5,constrained,Traditional_NEHVI,8,0.0,20,178,19,294.33
Full_experiment_6thNov,MW5,constrained,Traditional_NEHVI,9,0.0,20,178,15,247.38
Full_experiment_6thNov,MW5,constrained,Traditional_NEHVI,10,0.0,20,178,12,259.62
Full_experiment_6thNov,MW5,constrained,Traditional_NEHVI,11,0.0,20,178,15,257.33
Full_experiment_6thNov,MW5,constrained,Traditional_NEHVI,12,0.0,20,178,14,302.44
Full_experiment_6thNov,MW5,constrained,Traditional_NEHVI,13,0.0,20,178,11,280.14
Full_experiment_6thNov,MW5,constrained,Traditional_NEHVI,14,0.0,20,178,13,273.12
Full_experiment_6thNov,MW5,constrained,Traditional_NEHVI,15,0.0,20,178,14,289.07
Full_experiment_6thNov,MW5,constrained,Traditional_NEHVI,16,0.0,20,178,14,264.84
Full_experiment_6thNov,MW5,constrained,Traditional_NEHVI,17,0.0,20,178,16,272.57
Full_experiment_6thNov,MW5,constrained,Traditional_NEHVI,18,0.0,20,178,16,273.91
Full_experiment_6thNov,MW5,constrained,Traditional_NEHVI,19,0.0,20,178,12,245.89
Full_experiment_6thNov,MW5,constrained,Traditional_NEHVI,20,0.0,20,178,11,209.55
Full_experiment_6thNov,MW5,constrained,Traditional_NEHVI,21,0.0,20,178,19,233.54
Full_experiment_6thNov,MW5,constrained,Traditional_NEHVI,22,0.0,20,178,13,278.04
Full_experiment_6thNov,MW5,constrained,Traditional_NEHVI,23,0.0,20,178,13,278.42
Full_experiment_6thNov,MW5,constrained,Traditional_NEHVI,24,0.0,20,178,17,252.37
Full_experiment_6thNov,MW7,constrained,EGBO,0,0.26567615,20,178,57,0.0
Full_experiment_6thNov,MW7,constrained,EGBO,1,0.35994743,20,178,74,0.0
Full_experiment_6thNov,MW7,constrained,EGBO,2,0.38734306,20,178,51,0.0
Full_experiment_6thNov,MW7,constrained,EGBO,3,0.31923555,20,178,58,0.0
Full_experiment_6thNov,MW7,constrained,EGBO,4,0.39317599,20,178,61,0.0
Full_experiment_6thNov,MW7,constrained,EGBO,5,0.33217956,20,178,55,0.0
Full_experiment_6thNov,MW7,constrained,EGBO,6,0.34375465,20,178,64,0.0
Full_experiment_6thNov,MW7,constrained,EGBO,7,0.26437752,20,178,78,0.0
Full_experiment_6thNov,MW7,constrained,EGBO,8,0.41075882,20,178,49,0.0
Full_experiment_6thNov,MW7,constrained,EGBO,9,0.41286766,20,178,67,0.0
Full_experiment_6thNov,MW7,constrained,EGBO,10,0.42133678,20,178,81,0.0
Full_experiment_6thNov,MW7,constrained,EGBO,11,0.27476514,20,178,83,0.0
Full_experiment_6thNov,MW7,constrained,EGBO,12,0.41760137,20,178,58,0.0
Full_experiment_6thNov,MW7,constrained,EGBO,13,0.40451553,20,178,54,0.0
Full_experiment_6thNov,MW7,constrained,EGBO,14,0.41089771,20,178,65,0.0
Full_experiment_6thNov,MW7,constrained,EGBO,15,0.39435284,20,178,59,0.0
Full_experiment_6thNov,MW7,constrained,EGBO,16,0.29762196,20,178,28,0.0
Full_experiment_6thNov,MW7,constrained,EGBO,17,0.26311602,20,178,45,0.0
Full_experiment_6thNov,MW7,constrained,EGBO,18,0.37115937,20,178,62,0.0
Full_experiment_6thNov,MW7,constrained,EGBO,19,0.37010935,20,178,61,0.0
Full_experiment_6thNov,MW7,constrained,EGBO,20,0.40557234,20,178,87,0.0
Full_experiment_6thNov,MW7,constrained,EGBO,21,0.43557361,20,178,86,0.0
Full_experiment_6thNov,MW7,constrained,EGBO,22,0.40757342,20,178,47,0.0
Full_experiment_6thNov,MW7,constrained,EGBO,23,0.41864551,20,178,59,0.0
Full_experiment_6thNov,MW7,constrained,EGBO,24,0.257113,20,178,59,0.0
Full_experiment_6thNov,MW7,constrained,Feryal,0,0.40825979,20,178,61,0.0
Full_experiment_6thNov,MW7,constrained,Feryal,1,0.243886,20,178,79,0.0
Full_experiment_6thNov,MW7,constrained,Feryal,2,0.39092999,20,178,49,0.0
Full_experiment_6thNov,MW7,constrained,Feryal,3,0.41140457,20,178,55,0.0
Full_experiment_6thNov,MW7,constrained,Feryal,4,0.23762435,20,178,105,0.0
Full_experiment_6thNov,MW7,constrained,Feryal,5,0.28293845,20,178,42,0.0
Full_experiment_6thNov,MW7,constrained,Feryal,6,0.39117611,20,178,57,0.0
Full_experiment_6thNov,MW7,constrained,Feryal,7,0.41166671,20,178,72,0.0
Full_experiment_6thNov,MW7,constrained,Feryal,8,0.42482829,20,178,59,0.0
Full_experiment_6thNov,MW7,constrained,Feryal,9,0.35696362,20,178,61,0.0
Full_experiment_6thNov,MW7,constrained,Feryal,10,0.38533805,20,178,47,0.0
Full_experiment_6thNov,MW7,constrained,Feryal,11,0.344065,20,178,34,0.0
Full_experiment_6thNov,MW7,constrained,Feryal,12,0.43103151,20,178,58,0.0
Full_experiment_6thNov,MW7,constrained,Feryal,13,0.42535045,20,178,76,0.0
Full_experiment_6thNov,MW7,constrained,Feryal,14,0.3597294,20,178,53,0.0
Full_experiment_6thNov,MW7,constrained,Feryal,15,0.3762202,20,178,46,0.0
Full_experiment_6thNov,MW7,constrained,Feryal,16,0.40800399,20,178,62,0.0
Full_experiment_6thNov,MW7,constrained,Feryal,17,0.38947348,20,178,45,0.0
Full_experiment_6thNov,MW7,constrained,Feryal,18,0.37730507,20,178,46,0.0
Full_experiment_6thNov,MW7,constrained,Feryal,19,0.41775741,20,178,77,0.0
Full_experiment_6thNov,MW7,constrained,Feryal,20,0.42716634,20,178,81,0.0
Full_experiment_6thNov,MW7,constrained,Feryal,21,0.32112906,20,178,52,0.0
Full_experiment_6thNov,MW7,constrained,Feryal,22,0.4174909,20,178,57,0.0
Full_experiment_6thNov,MW7,constrained,Feryal,23,0.43405891,20,178,66,0.0
Full_experiment_6thNov,MW7,constrained,Feryal,24,0.41622232,20,178,68,0.0
Full_experiment_6thNov,MW7,constrained,Ikhlas,0,0.40532242,20,178,54,0.0
Full_experiment_6thNov,MW7,constrained,Ikhlas,1,0.37158855,20,178,69,0.0
Full_experiment_6thNov,MW7,constrained,Ikhlas,2,0.41388753,20,178,60,0.0
Full_experiment_6thNov,MW7,constrained,Ikhlas,3,0.41106072,20,178,48,0.0
Full_experiment_6thNov,MW7,constrained,Ikhlas,4,0.38781736,20,178,61,0.0
Full_experiment_6thNov,MW7,constrained,Ikhlas,5,0.41360638,20,178,61,0.0
Full_experiment_6thNov,MW7,constrained,Ikhlas,6,0.40224231,20,178,57,0.0
Full_experiment_6thNov,MW7,constrained,Ikhlas,7,0.40457936,20,178,59,0.0
Full_experiment_6thNov,MW7,constrained,Ikhlas,8,0.38710377,20,178,90,0.0
Full_experiment_6thNov,MW7,constrained,Ikhlas,9,0.41397528,20,178,56,0.0
Full_experiment_6thNov,MW7,constrained,Ikhlas,10,0.41644897,20,178,48,0.0
Full_experiment_6thNov,MW7,constrained,Ikhlas,11,0.36505597,20,178,51,0.0
Full_experiment_6thNov,MW7,constrained,Ikhlas,12,0.4204638,20,178,57,0.0
Full_experiment_6thNov,MW7,constrained,Ikhlas,13,0.40531714,20,178,46,0.0
Full_experiment_6thNov,MW7,constrained,Ikhlas,14,0.35369534,20,178,49,0.0
Full_experiment_6thNov,MW7,constrained,Ikhlas,15,0.39065331,20,178,43,0.0
Full_experiment_6thNov,MW7,constrained,Ikhlas,16,0.2648173,20,178,39,0.0
Full_experiment_6thNov,MW7,constrained,Ikhlas,17,0.27886024,20,178,43,0.0
Full_experiment_6thNov,MW7,constrained,Ikhlas,18,0.40490227,20,178,60,0.0
Full_experiment_6thNov,MW7,constrained,Ikhlas,19,0.41774737,20,178,61,0.0
Full_experiment_6thNov,MW7,constrained,Ikhlas,20,0.4061805,20,178,62,0.0
Full_experiment_6thNov,MW7,constrained,Ikhlas,21,0.3039883,20,178,39,0.0
Full_experiment_6thNov,MW7,constrained,Ikhlas,22,0.40790753,20,178,53,0.0
Full_experiment_6thNov,MW7,constrained,Ikhlas,23,0.41779962,20,178,48,0.0
Full_experiment_6thNov,MW7,constrained,Ikhlas,24,0.38134123,20,178,60,0.0
Full_experiment_6thNov,MW7,constrained,Karima,0,0.41598984,20,178,56,0.0
Full_experiment_6thNov,MW7,constrained,Karima,1,0.28837863,20,178,64,0.0
Full_experiment_6thNov,MW7,constrained,Karima,2,0.36390527,20,178,52,0.0
Full_experiment_6thNov,MW7,constrained,Karima,3,0.41989173,20,178,51,0.0
Full_experiment_6thNov,MW7,constrained,Karima,4,0.28911336,20,178,34,0.0
Full_experiment_6thNov,MW7,constrained,Karima,5,0.41429069,20,178,56,0.0
Full_experiment_6thNov,MW7,constrained,Karima,6,0.41642505,20,178,55,0.0
Full_experiment_6thNov,MW7,constrained,Karima,7,0.4226708,20,178,68,0.0
Full_experiment_6thNov,MW7,constrained,Karima,8,0.35250382,20,178,50,0.0
Full_experiment_6thNov,MW7,constrained,Karima,9,0.41068675,20,178,72,0.0
Full_experiment_6thNov,MW7,constrained,Karima,10,0.43223971,20,178,79,0.0
Full_experiment_6thNov,MW7,constrained,Karima,11,0.24788594,20,178,98,0.0
Full_experiment_6thNov,MW7,constrained,Karima,12,0.40647399,20,178,54,0.0
Full_experiment_6thNov,MW7,constrained,Karima,13,0.42079559,20,178,52,0.0
Full_experiment_6thNov,MW7,constrained,Karima,14,0.30130442,20,178,64,0.0
Full_experiment_6thNov,MW7,constrained,Karima,15,0.41936017,20,178,61,0.0
Full_experiment_6thNov,MW7,constrained,Karima,16,0.37067706,20,178,49,0.0
Full_experiment_6thNov,MW7,constrained,Karima,17,0.26237868,20,178,70,0.0
Full_experiment_6thNov,MW7,constrained,Karima,18,0.41021055,20,178,61,0.0
Full_experiment_6thNov,MW7,constrained,Karima,19,0.41566943,20,178,56,0.0
Full_experiment_6thNov,MW7,constrained,Karima,20,0.41719199,20,178,58,0.0
Full_experiment_6thNov,MW7,constrained,Karima,21,0.31820654,20,178,39,0.0
Full_experiment_6thNov,MW7,constrained,Karima,22,0.38940153,20,178,35,0.0
Full_experiment_6thNov,MW7,constrained,Karima,23,0.40148486,20,178,41,0.0
Full_experiment_6thNov,MW7,constrained,Karima,24,0.38761655,20,178,57,0.0
Full_experiment_6thNov,MW7,constrained,Traditional_NEHVI,0,0.0,20,178,5,196.78
Full_experiment_6thNov,MW7,constrained,Traditional_NEHVI,1,0.0,20,178,7,179.07
Full_experiment_6thNov,MW7,constrained,Traditional_NEHVI,2,0.0,20,178,3,180.4
Full_experiment_6thNov,MW7,constrained,Traditional_NEHVI,3,0.0,20,178,7,202.33
Full_experiment_6thNov,MW7,constrained,Traditional_NEHVI,4,0.0,20,178,3,170.33
Full_experiment_6thNov,MW7,constrained,Traditional_NEHVI,5,0.0,20,178,11,200.77
Full_experiment_6thNov,MW7,constrained,Traditional_NEHVI,6,0.0,20,178,9,193.67
Full_experiment_6thNov,MW7,constrained,Traditional_NEHVI,7,0.0,20,178,8,185.32
Full_experiment_6thNov,MW7,constrained,Traditional_NEHVI,8,0.0,20,178,7,209.76
Full_experiment_6thNov,MW7,constrained,Traditional_NEHVI,9,0.0,20,178,9,160.87
Full_experiment_6thNov,MW7,constrained,Traditional_NEHVI,10,0.0,20,178,8,159.57
Full_experiment_6thNov,MW7,constrained,Traditional_NEHVI,11,0.0,20,178,6,177.86
Full_experiment_6thNov,MW7,constrained,Traditional_NEHVI,12,0.0,20,178,11,181.07
Full_experiment_6thNov,MW7,constrained,Traditional_NEHVI,13,0.0,20,178,10,235.47
Full_experiment_6thNov,MW7,constrained,Traditional_NEHVI,14,0.0,20,178,5,153.64
Full_experiment_6thNov,MW7,constrained,Traditional_NEHVI,15,0.0,20,178,3,182.88
Full_experiment_6thNov,MW7,constrained,Traditional_NEHVI,16,0.0,20,178,4,176.55
Full_experiment_6thNov,MW7,constrained,Traditional_NEHVI,17,0.0,20,178,9,212.02
Full_experiment_6thNov,MW7,constrained,Traditional_NEHVI,18,0.0,20,178,3,151.78
Full_experiment_6thNov,MW7,constrained,Traditional_NEHVI,19,0.0,20,178,4,158.42
Full_experiment_6thNov,MW7,constrained,Traditional_NEHVI,20,0.0,20,178,9,160.95
Full_experiment_6thNov,MW7,constrained,Traditional_NEHVI,21,0.0,20,178,3,195.48
Full_experiment_6thNov,MW7,constrained,Traditional_NEHVI,22,0.0,20,178,6,200.66
Full_experiment_6thNov,MW7,constrained,Traditional_NEHVI,23,0.0,20,178,9,183.6
Full_experiment_6thNov,MW7,constrained,Traditional_NEHVI,24,0.0,20,178,2,146.74
benchmark_results_nehvi_mw_fixed,MW3,constrained,Traditional_NEHVI,0,1.12083224,20,178,35,0.0
benchmark_results_nehvi_mw_fixed,MW3,constrained,Traditional_NEHVI,1,1.31352781,20,178,30,0.0
benchmark_results_nehvi_mw_fixed,MW3,constrained,Traditional_NEHVI,2,1.32969359,20,178,26,0.0
benchmark_results_nehvi_mw_fixed,MW3,constrained,Traditional_NEHVI,3,1.27558995,20,178,27,0.0
benchmark_results_nehvi_mw_fixed,MW3,constrained,Traditional_NEHVI,4,1.4767452,20,178,22,0.0
benchmark_results_nehvi_mw_fixed,MW3,constrained,Traditional_NEHVI,5,1.40202929,20,178,25,0.0
benchmark_results_nehvi_mw_fixed,MW3,constrained,Traditional_NEHVI,6,1.33150643,20,178,33,0.0
benchmark_results_nehvi_mw_fixed,MW3,constrained,Traditional_NEHVI,7,1.19515327,20,178,26,0.0
benchmark_results_nehvi_mw_fixed,MW3,constrained,Traditional_NEHVI,8,1.44610991,20,178,24,0.0
benchmark_results_nehvi_mw_fixed,MW3,constrained,Traditional_NEHVI,9,1.38369764,20,178,28,0.0
benchmark_results_nehvi_mw_fixed,MW3,constrained,Traditional_NEHVI,10,1.48701161,20,178,26,0.0
benchmark_results_nehvi_mw_fixed,MW3,constrained,Traditional_NEHVI,11,1.08583504,20,178,28,0.0
benchmark_results_nehvi_mw_fixed,MW3,constrained,Traditional_NEHVI,12,1.11782479,20,178,24,0.0
benchmark_results_nehvi_mw_fixed,MW3,constrained,Traditional_NEHVI,13,1.48669641,20,178,33,0.0
benchmark_results_nehvi_mw_fixed,MW3,constrained,Traditional_NEHVI,14,1.60250332,20,178,28,0.0
benchmark_results_nehvi_mw_fixed,MW3,constrained,Traditional_NEHVI,15,1.33447055,20,178,27,0.0
benchmark_results_nehvi_mw_fixed,MW3,constrained,Traditional_NEHVI,16,1.1880868,20,178,29,0.0
benchmark_results_nehvi_mw_fixed,MW3,constrained,Traditional_NEHVI,17,1.41457918,20,178,34,0.0
benchmark_results_nehvi_mw_fixed,MW3,constrained,Traditional_NEHVI,18,1.22390097,20,178,27,0.0
benchmark_results_nehvi_mw_fixed,MW3,constrained,Traditional_NEHVI,19,1.43333628,20,178,21,0.0
benchmark_results_nehvi_mw_fixed,MW3,constrained,Traditional_NEHVI,20,1.51718678,20,178,29,0.0
benchmark_results_nehvi_mw_fixed,MW3,constrained,Traditional_NEHVI,21,1.53549288,20,178,38,0.0
benchmark_results_nehvi_mw_fixed,MW3,constrained,Traditional_NEHVI,22,1.40554288,20,178,29,0.0
benchmark_results_nehvi_mw_fixed,MW3,constrained,Traditional_NEHVI,23,1.51557354,20,178,29,0.0
benchmark_results_nehvi_mw_fixed,MW3,constrained,Traditional_NEHVI,24,1.42750293,20,178,30,0.0
benchmark_results_nehvi_mw_fixed,MW5,constrained,Traditional_NEHVI,0,0.8599789,20,178,14,182.81
benchmark_results_nehvi_mw_fixed,MW5,constrained,Traditional_NEHVI,1,0.5411905,20,178,16,179.71
benchmark_results_nehvi_mw_fixed,MW5,constrained,Traditional_NEHVI,2,0.54499436,20,178,16,216.49
benchmark_results_nehvi_mw_fixed,MW5,constrained,Traditional_NEHVI,3,0.12919091,20,178,19,215.92
benchmark_results_nehvi_mw_fixed,MW5,constrained,Traditional_NEHVI,4,0.21321,20,178,11,218.2
benchmark_results_nehvi_mw_fixed,MW5,constrained,Traditional_NEHVI,5,0.13799015,20,178,11,196.88
benchmark_results_nehvi_mw_fixed,MW5,constrained,Traditional_NEHVI,6,0.43608231,20,178,12,205.98
benchmark_results_nehvi_mw_fixed,MW5,constrained,Traditional_NEHVI,7,0.18449677,20,178,10,210.76
benchmark_results_nehvi_mw_fixed,MW5,constrained,Traditional_NEHVI,8,0.37216524,20,178,19,211.83
benchmark_results_nehvi_mw_fixed,MW5,constrained,Traditional_NEHVI,9,0.4844708,20,178,15,177.35
benchmark_results_nehvi_mw_fixed,MW5,constrained,Traditional_NEHVI,10,0.24144453,20,178,12,191.99
benchmark_results_nehvi_mw_fixed,MW5,constrained,Traditional_NEHVI,11,0.5190497,20,178,15,188.8
benchmark_results_nehvi_mw_fixed,MW5,constrained,Traditional_NEHVI,12,0.26495948,20,178,14,220.43
benchmark_results_nehvi_mw_fixed,MW5,constrained,Traditional_NEHVI,13,0.83456271,20,178,11,203.79
benchmark_results_nehvi_mw_fixed,MW5,constrained,Traditional_NEHVI,14,0.45571268,20,178,13,194.98
benchmark_results_nehvi_mw_fixed,MW5,constrained,Traditional_NEHVI,15,0.57904464,20,178,14,207.02
benchmark_results_nehvi_mw_fixed,MW5,constrained,Traditional_NEHVI,16,0.41215541,20,178,14,202.45
benchmark_results_nehvi_mw_fixed,MW5,constrained,Traditional_NEHVI,17,0.48803822,20,178,16,216.32
benchmark_results_nehvi_mw_fixed,MW5,constrained,Traditional_NEHVI,18,0.27739865,20,178,16,219.96
benchmark_results_nehvi_mw_fixed,MW5,constrained,Traditional_NEHVI,19,0.43871571,20,178,12,198.85
benchmark_results_nehvi_mw_fixed,MW5,constrained,Traditional_NEHVI,20,0.48471793,20,178,11,169.95
benchmark_results_nehvi_mw_fixed,MW5,constrained,Traditional_NEHVI,21,0.48491558,20,178,19,186.04
benchmark_results_nehvi_mw_fixed,MW5,constrained,Traditional_NEHVI,22,0.39391757,20,178,13,220.8
benchmark_results_nehvi_mw_fixed,MW5,constrained,Traditional_NEHVI,23,0.59464273,20,178,13,217.01
benchmark_results_nehvi_mw_fixed,MW5,constrained,Traditional_NEHVI,24,0.42669561,20,178,17,201.37
benchmark_results_nehvi_mw_fixed,MW7,constrained,Traditional_NEHVI,0,0.24476875,20,178,5,160.65
benchmark_results_nehvi_mw_fixed,MW7,constrained,Traditional_NEHVI,1,0.14178408,20,178,7,142.49
benchmark_results_nehvi_mw_fixed,MW7,constrained,Traditional_NEHVI,2,0.16439505,20,178,3,146.22
benchmark_results_nehvi_mw_fixed,MW7,constrained,Traditional_NEHVI,3,0.1645193,20,178,7,159.63
benchmark_results_nehvi_mw_fixed,MW7,constrained,Traditional_NEHVI,4,0.12733122,20,178,3,142.61
benchmark_results_nehvi_mw_fixed,MW7,constrained,Traditional_NEHVI,5,0.23924811,20,178,11,167.26
benchmark_results_nehvi_mw_fixed,MW7,constrained,Traditional_NEHVI,6,0.13997842,20,178,9,159.23
benchmark_results_nehvi_mw_fixed,MW7,constrained,Traditional_NEHVI,7,0.0,20,178,8,147.57
benchmark_results_nehvi_mw_fixed,MW7,constrained,Traditional_NEHVI,8,0.2348555,20,178,7,167.99
benchmark_results_nehvi_mw_fixed,MW7,constrained,Traditional_NEHVI,9,0.25674593,20,178,9,131.41
benchmark_results_nehvi_mw_fixed,MW7,constrained,Traditional_NEHVI,10,0.22594409,20,178,8,129.78
benchmark_results_nehvi_mw_fixed,MW7,constrained,Traditional_NEHVI,11,0.23000745,20,178,6,142.5
benchmark_results_nehvi_mw_fixed,MW7,constrained,Traditional_NEHVI,12,0.30957015,20,178,11,144.21
benchmark_results_nehvi_mw_fixed,MW7,constrained,Traditional_NEHVI,13,0.1271914,20,178,10,179.35
benchmark_results_nehvi_mw_fixed,MW7,constrained,Traditional_NEHVI,14,0.18467664,20,178,5,126.02
benchmark_results_nehvi_mw_fixed,MW7,constrained,Traditional_NEHVI,15,0.21241315,20,178,3,148.54
benchmark_results_nehvi_mw_fixed,MW7,constrained,Traditional_NEHVI,16,0.2168927,20,178,4,144.39
benchmark_results_nehvi_mw_fixed,MW7,constrained,Traditional_NEHVI,17,0.14279063,20,178,9,168.53
benchmark_results_nehvi_mw_fixed,MW7,constrained,Traditional_NEHVI,18,0.1352315,20,178,3,124.69
benchmark_results_nehvi_mw_fixed,MW7,constrained,Traditional_NEHVI,19,0.15145753,20,178,4,128.55
benchmark_results_nehvi_mw_fixed,MW7,constrained,Traditional_NEHVI,20,0.01271118,20,178,9,129.81
benchmark_results_nehvi_mw_fixed,MW7,constrained,Traditional_NEHVI,21,0.11282109,20,178,3,153.56
benchmark_results_nehvi_mw_fixed,MW7,constrained,Traditional_NEHVI,22,0.15286804,20,178,6,161.95
benchmark_results_nehvi_mw_fixed,MW7,constrained,Traditional_NEHVI,23,0.2338161,20,178,9,147.42
benchmark_results_nehvi_mw_fixed,MW7,constrained,Traditional_NEHVI,24,0.0,20,178,2,117.89
benchmark_results_nehbi_fixed,DTLZ1,unconstrained,Traditional_NEHVI,0,46731137.84314148,20,178,0,1181.16
benchmark_results_nehbi_fixed,DTLZ1,unconstrained,Traditional_NEHVI,1,50720806.16670342,20,178,0,1212.09
benchmark_results_nehbi_fixed,DTLZ1,unconstrained,Traditional_NEHVI,2,45807723.42664894,20,178,0,1002.49
benchmark_results_nehbi_fixed,DTLZ1,unconstrained,Traditional_NEHVI,3,46470662.087779,20,178,0,1205.46
benchmark_results_nehbi_fixed,DTLZ1,unconstrained,Traditional_NEHVI,4,46186152.66790664,20,178,0,1204.51
benchmark_results_nehbi_fixed,DTLZ1,unconstrained,Traditional_NEHVI,5,46535180.22830939,20,178,0,1128.58
benchmark_results_nehbi_fixed,DTLZ1,unconstrained,Traditional_NEHVI,6,48125616.0339775,20,178,0,1018.59
benchmark_results_nehbi_fixed,DTLZ1,unconstrained,Traditional_NEHVI,7,51996761.03042723,20,178,0,1225.48
benchmark_results_nehbi_fixed,DTLZ1,unconstrained,Traditional_NEHVI,8,46304537.71175137,20,178,0,1114.82
benchmark_results_nehbi_fixed,DTLZ1,unconstrained,Traditional_NEHVI,9,47709060.53504745,20,178,0,1254.21
benchmark_results_nehbi_fixed,DTLZ1,unconstrained,Traditional_NEHVI,10,48478214.18276072,20,178,0,1250.8
benchmark_results_nehbi_fixed,DTLZ1,unconstrained,Traditional_NEHVI,11,50213519.01009408,20,178,0,1122.96
benchmark_results_nehbi_fixed,DTLZ1,unconstrained,Traditional_NEHVI,12,52530150.81326813,20,178,0,1274.92
benchmark_results_nehbi_fixed,DTLZ1,unconstrained,Traditional_NEHVI,13,51267992.85875616,20,178,0,1103.79
benchmark_results_nehbi_fixed,DTLZ1,unconstrained,Traditional_NEHVI,14,42914524.60782673,20,178,0,1092.7
benchmark_results_nehbi_fixed,DTLZ1,unconstrained,Traditional_NEHVI,15,45511065.72368812,20,178,0,1151.68
benchmark_results_nehbi_fixed,DTLZ1,unconstrained,Traditional_NEHVI,16,50874481.5404618,20,178,0,1210.94
benchmark_results_nehbi_fixed,DTLZ1,unconstrained,Traditional_NEHVI,17,49517468.64924125,20,178,0,1203.02
benchmark_results_nehbi_fixed,DTLZ1,unconstrained,Traditional_NEHVI,18,44639429.92856701,20,178,0,1070.89
benchmark_results_nehbi_fixed,DTLZ1,unconstrained,Traditional_NEHVI,19,45843020.10165694,20,178,0,1167.52
benchmark_results_nehbi_fixed,DTLZ1,unconstrained,Traditional_NEHVI,20,49624004.11075242,20,178,0,1216.97
benchmark_results_nehbi_fixed,DTLZ1,unconstrained,Traditional_NEHVI,21,49020719.7763298,20,178,0,1178.59
benchmark_results_nehbi_fixed,DTLZ1,unconstrained,Traditional_NEHVI,22,50126494.94044009,20,178,0,1126.17
benchmark_results_nehbi_fixed,DTLZ1,unconstrained,Traditional_NEHVI,23,49807377.83812504,20,178,0,1176.45
benchmark_results_nehbi_fixed,DTLZ1,unconstrained,Traditional_NEHVI,24,42150109.43555452,20,178,0,1294.14
benchmark_results_nehbi_fixed,DTLZ2,unconstrained,Traditional_NEHVI,0,0.00718834,20,178,0,476.09
benchmark_results_nehbi_fixed,DTLZ2,unconstrained,Traditional_NEHVI,1,0.0190898,20,178,0,389.59
benchmark_results_nehbi_fixed,DTLZ2,unconstrained,Traditional_NEHVI,2,0.01238217,20,178,0,580.72
benchmark_results_nehbi_fixed,DTLZ2,unconstrained,Traditional_NEHVI,3,0.0,20,178,0,515.94
benchmark_results_nehbi_fixed,DTLZ2,unconstrained,Traditional_NEHVI,4,0.0004502,20,178,0,471.16
benchmark_results_nehbi_fixed,DTLZ2,unconstrained,Traditional_NEHVI,5,0.00137072,20,178,0,853.46
benchmark_results_nehbi_fixed,DTLZ2,unconstrained,Traditional_NEHVI,6,0.0,20,178,0,519.75
benchmark_results_nehbi_fixed,DTLZ2,unconstrained,Traditional_NEHVI,7,0.0,20,178,0,392.34
benchmark_results_nehbi_fixed,DTLZ2,unconstrained,Traditional_NEHVI,8,0.0,20,178,0,635.57
benchmark_results_nehbi_fixed,DTLZ2,unconstrained,Traditional_NEHVI,9,0.00566827,20,178,0,554.14
benchmark_results_nehbi_fixed,DTLZ2,unconstrained,Traditional_NEHVI,10,0.01486585,20,178,0,512.87
benchmark_results_nehbi_fixed,DTLZ2,unconstrained,Traditional_NEHVI,11,0.00726501,20,178,0,706.7
benchmark_results_nehbi_fixed,DTLZ2,unconstrained,Traditional_NEHVI,12,0.0,20,178,0,549.03
benchmark_results_nehbi_fixed,DTLZ2,unconstrained,Traditional_NEHVI,13,0.0,20,178,0,446.0
benchmark_results_nehbi_fixed,DTLZ2,unconstrained,Traditional_NEHVI,14,0.0,20,178,0,433.64
benchmark_results_nehbi_fixed,DTLZ2,unconstrained,Traditional_NEHVI,15,0.0,20,178,0,744.41
benchmark_results_nehbi_fixed,DTLZ2,unconstrained,Traditional_NEHVI,16,0.00476314,20,178,0,451.03
benchmark_results_nehbi_fixed,DTLZ2,unconstrained,Traditional_NEHVI,17,0.00352382,20,178,0,484.61
benchmark_results_nehbi_fixed,DTLZ2,unconstrained,Traditional_NEHVI,18,0.0,20,178,0,406.73
benchmark_results_nehbi_fixed,DTLZ2,unconstrained,Traditional_NEHVI,19,0.0,20,178,0,614.9
benchmark_results_nehbi_fixed,DTLZ2,unconstrained,Traditional_NEHVI,20,0.00052462,20,178,0,441.43
benchmark_results_nehbi_fixed,DTLZ2,unconstrained,Traditional_NEHVI,21,0.03104138,20,178,0,417.02
benchmark_results_nehbi_fixed,DTLZ2,unconstrained,Traditional_NEHVI,22,0.00446145,20,178,0,564.76
benchmark_results_nehbi_fixed,DTLZ2,unconstrained,Traditional_NEHVI,23,0.00048113,20,178,0,499.23
benchmark_results_nehbi_fixed,DTLZ2,unconstrained,Traditional_NEHVI,24,0.0,20,178,0,358.77
benchmark_results_nehbi_fixed,ZDT1,unconstrained,Traditional_NEHVI,0,68.71516603,20,178,0,148.03
benchmark_results_nehbi_fixed,ZDT1,unconstrained,Traditional_NEHVI,1,71.55061233,20,178,0,174.2
benchmark_results_nehbi_fixed,ZDT1,unconstrained,Traditional_NEHVI,2,93.92350669,20,178,0,117.3
benchmark_results_nehbi_fixed,ZDT1,unconstrained,Traditional_NEHVI,3,87.0036937,20,178,0,113.38
benchmark_results_nehbi_fixed,ZDT1,unconstrained,Traditional_NEHVI,4,63.81573317,20,178,0,121.66
benchmark_results_nehbi_fixed,ZDT1,unconstrained,Traditional_NEHVI,5,77.10115385,20,178,0,115.23
benchmark_results_nehbi_fixed,ZDT1,unconstrained,Traditional_NEHVI,6,81.95407145,20,178,0,143.11
benchmark_results_nehbi_fixed,ZDT1,unconstrained,Traditional_NEHVI,7,84.17420503,20,178,0,94.18
benchmark_results_nehbi_fixed,ZDT1,unconstrained,Traditional_NEHVI,8,67.84646619,20,178,0,116.23
benchmark_results_nehbi_fixed,ZDT1,unconstrained,Traditional_NEHVI,9,78.16795894,20,178,0,122.1
benchmark_results_nehbi_fixed,ZDT1,unconstrained,Traditional_NEHVI,10,67.75889172,20,178,0,120.16
benchmark_results_nehbi_fixed,ZDT1,unconstrained,Traditional_NEHVI,11,64.91690024,20,178,0,118.51
benchmark_results_nehbi_fixed,ZDT1,unconstrained,Traditional_NEHVI,12,72.83036111,20,178,0,139.99
benchmark_results_nehbi_fixed,ZDT1,unconstrained,Traditional_NEHVI,13,76.69506144,20,178,0,135.68
benchmark_results_nehbi_fixed,ZDT1,unconstrained,Traditional_NEHVI,14,80.51392556,20,178,0,152.4
benchmark_results_nehbi_fixed,ZDT1,unconstrained,Traditional_NEHVI,15,83.95838486,20,178,0,112.53
benchmark_results_nehbi_fixed,ZDT1,unconstrained,Traditional_NEHVI,16,76.35263158,20,178,0,142.68
benchmark_results_nehbi_fixed,ZDT1,unconstrained,Traditional_NEHVI,17,82.3913486,20,178,0,112.25
benchmark_results_nehbi_fixed,ZDT1,unconstrained,Traditional_NEHVI,18,93.33385817,20,178,0,113.8
benchmark_results_nehbi_fixed,ZDT1,unconstrained,Traditional_NEHVI,19,74.95350149,20,178,0,113.52
benchmark_results_nehbi_fixed,ZDT1,unconstrained,Traditional_NEHVI,20,76.61607,20,178,0,165.84
benchmark_results_nehbi_fixed,ZDT1,unconstrained,Traditional_NEHVI,21,78.41100493,20,178,0,120.8
benchmark_results_nehbi_fixed,ZDT1,unconstrained,Traditional_NEHVI,22,86.74241615,20,178,0,123.59
benchmark_results_nehbi_fixed,ZDT1,unconstrained,Traditional_NEHVI,23,76.15266762,20,178,0,105.83
benchmark_results_nehbi_fixed,ZDT1,unconstrained,Traditional_NEHVI,24,68.88865794,20,178,0,120.96
benchmark_results_nehbi_fixed,ZDT2,unconstrained,Traditional_NEHVI,0,50.12407698,20,178,0,90.07
benchmark_results_nehbi_fixed,ZDT2,unconstrained,Traditional_NEHVI,1,37.6797904,20,178,0,102.24
benchmark_results_nehbi_fixed,ZDT2,unconstrained,Traditional_NEHVI,2,62.31748525,20,178,0,97.22
benchmark_results_nehbi_fixed,ZDT2,unconstrained,Traditional_NEHVI,3,33.42863965,20,178,0,127.62
benchmark_results_nehbi_fixed,ZDT2,unconstrained,Traditional_NEHVI,4,43.17582854,20,178,0,95.99
benchmark_results_nehbi_fixed,ZDT2,unconstrained,Traditional_NEHVI,5,56.41025344,20,178,0,114.4
benchmark_results_nehbi_fixed,ZDT2,unconstrained,Traditional_NEHVI,6,46.72040551,20,178,0,105.08
benchmark_results_nehbi_fixed,ZDT2,unconstrained,Traditional_NEHVI,7,43.73077549,20,178,0,91.77
benchmark_results_nehbi_fixed,ZDT2,unconstrained,Traditional_NEHVI,8,65.56910361,20,178,0,134.23
benchmark_results_nehbi_fixed,ZDT2,unconstrained,Traditional_NEHVI,9,68.38958029,20,178,0,135.7
benchmark_results_nehbi_fixed,ZDT2,unconstrained,Traditional_NEHVI,10,82.68346927,20,178,0,104.8
benchmark_results_nehbi_fixed,ZDT2,unconstrained,Traditional_NEHVI,11,57.01477477,20,178,0,122.18
benchmark_results_nehbi_fixed,ZDT2,unconstrained,Traditional_NEHVI,12,78.38721797,20,178,0,97.04
benchmark_results_nehbi_fixed,ZDT2,unconstrained,Traditional_NEHVI,13,57.39194477,20,178,0,106.92
benchmark_results_nehbi_fixed,ZDT2,unconstrained,Traditional_NEHVI,14,57.04433781,20,178,0,151.96
benchmark_results_nehbi_fixed,ZDT2,unconstrained,Traditional_NEHVI,15,59.90987854,20,178,0,84.68
benchmark_results_nehbi_fixed,ZDT2,unconstrained,Traditional_NEHVI,16,43.84135155,20,178,0,136.93
benchmark_results_nehbi_fixed,ZDT2,unconstrained,Traditional_NEHVI,17,51.33872348,20,178,0,113.64
benchmark_results_nehbi_fixed,ZDT2,unconstrained,Traditional_NEHVI,18,45.24096308,20,178,0,97.96
benchmark_results_nehbi_fixed,ZDT2,unconstrained,Traditional_NEHVI,19,39.37594101,20,178,0,88.83
benchmark_results_nehbi_fixed,ZDT2,unconstrained,Traditional_NEHVI,20,58.40880457,20,178,0,122.3
benchmark_results_nehbi_fixed,ZDT2,unconstrained,Traditional_NEHVI,21,34.459886,20,178,0,134.65
benchmark_results_nehbi_fixed,ZDT2,unconstrained,Traditional_NEHVI,22,59.24460932,20,178,0,83.31
benchmark_results_nehbi_fixed,ZDT2,unconstrained,Traditional_NEHVI,23,53.84840945,20,178,0,92.42
benchmark_results_nehbi_fixed,ZDT2,unconstrained,Traditional_NEHVI,24,53.90611557,20,178,0,99.31
benchmark_results_nehbi_fixed,ZDT3,unconstrained,Traditional_NEHVI,0,114.20312998,20,178,0,197.4
benchmark_results_nehbi_fixed,ZDT3,unconstrained,Traditional_NEHVI,1,113.73175737,20,178,0,223.54
benchmark_results_nehbi_fixed,ZDT3,unconstrained,Traditional_NEHVI,2,114.2159013,20,178,0,261.22
benchmark_results_nehbi_fixed,ZDT3,unconstrained,Traditional_NEHVI,3,114.15722066,20,178,0,254.66
benchmark_results_nehbi_fixed,ZDT3,unconstrained,Traditional_NEHVI,4,113.87602677,20,178,0,209.79
benchmark_results_nehbi_fixed,ZDT3,unconstrained,Traditional_NEHVI,5,114.53651865,20,178,0,253.33
benchmark_results_nehbi_fixed,ZDT3,unconstrained,Traditional_NEHVI,6,114.24508295,20,178,0,226.33
benchmark_results_nehbi_fixed,ZDT3,unconstrained,Traditional_NEHVI,7,115.47966673,20,178,0,208.46
benchmark_results_nehbi_fixed,ZDT3,unconstrained,Traditional_NEHVI,8,113.74022211,20,178,0,263.17
benchmark_results_nehbi_fixed,ZDT3,unconstrained,Traditional_NEHVI,9,113.88714446,20,178,0,220.61
benchmark_results_nehbi_fixed,ZDT3,unconstrained,Traditional_NEHVI,10,113.74710437,20,178,0,198.98
benchmark_results_nehbi_fixed,ZDT3,unconstrained,Traditional_NEHVI,11,113.7246373,20,178,0,201.24
benchmark_results_nehbi_fixed,ZDT3,unconstrained,Traditional_NEHVI,12,114.06941585,20,178,0,209.68
benchmark_results_nehbi_fixed,ZDT3,unconstrained,Traditional_NEHVI,13,114.07289335,20,178,0,220.83
benchmark_results_nehbi_fixed,ZDT3,unconstrained,Traditional_NEHVI,14,114.24727726,20,178,0,161.3
benchmark_results_nehbi_fixed,ZDT3,unconstrained,Traditional_NEHVI,15,114.04599684,20,178,0,227.55
benchmark_results_nehbi_fixed,ZDT3,unconstrained,Traditional_NEHVI,16,114.02700151,20,178,0,234.69
benchmark_results_nehbi_fixed,ZDT3,unconstrained,Traditional_NEHVI,17,113.69149079,20,178,0,237.38
benchmark_results_nehbi_fixed,ZDT3,unconstrained,Traditional_NEHVI,18,114.29726811,20,178,0,243.35
benchmark_results_nehbi_fixed,ZDT3,unconstrained,Traditional_NEHVI,19,114.18825416,20,178,0,252.95
benchmark_results_nehbi_fixed,ZDT3,unconstrained,Traditional_NEHVI,20,113.85159837,20,178,0,203.96
benchmark_results_nehbi_fixed,ZDT3,unconstrained,Traditional_NEHVI,21,113.83676417,20,178,0,221.08
benchmark_results_nehbi_fixed,ZDT3,unconstrained,Traditional_NEHVI,22,114.18405199,20,178,0,217.59
benchmark_results_nehbi_fixed,ZDT3,unconstrained,Traditional_NEHVI,23,113.89948827,20,178,0,218.2
benchmark_results_nehbi_fixed,ZDT3,unconstrained,Traditional_NEHVI,24,114.2441448,20,178,0,208.41
